id,base_prompt,cultural_tag,context,prompt_en,prompt_hi,prompt_ta,prompt_te,prompt_ml,prompt_pa,prompt_ne
204,What defines success in life?,INDIVIDUALISM,In a self-driven society,"In a self-driven society, What defines success in life?","एक आत्मनिर्भर समाज में, जीवन में सफलता को क्या परिभाषित करता है?","சுயநல சமூகத்தில், வாழ்க்கையில் வெற்றியை வரையறுப்பது என்ன?","స్వయంప్రతిపత్తి కలిగిన సమాజంలో, జీవితంలో విజయం సాధించడానికి ఏమి నిర్వచించబడుతుంది?","സ്വയംഭരണ സമൂഹത്തിൽ, ജീവിതത്തിൽ വിജയത്തെ നിർവചിക്കുന്നത് എന്താണ്?","ਇੱਕ ਸੁਤੰਤਰ ਸਮਾਜ ਵਿੱਚ, ਜੀਵਨ ਵਿੱਚ ਸਫਲਤਾ ਨੂੰ ਕੀ ਪਰਿਭਾਸ਼ਿਤ ਕਰਦਾ ਹੈ?","आत्मनिर्भर समाजमा, जीवनमा सफलताको परिभाषा के हो?"
267,Is it acceptable to question elders or leaders?,MODERN,In a modern society,"In a modern society, Is it acceptable to question elders or leaders?","आधुनिक समाज में, क्या बुजुर्गों या नेताओं से सवाल करना स्वीकार्य है?","நவீன சமுதாயத்தில், பெரியோர்களையோ தலைவர்களையோ கேள்வி கேட்பது ஏற்றுக்கொள்ளத்தக்கதா?","ఆధునిక సమాజంలో, పెద్దలు లేదా నాయకులను ప్రశ్నించడం ఆమోదయోగ్యమేనా?","ആധുനിക സമൂഹത്തിൽ, മുതിർന്നവരെയോ നേതാക്കളെയോ ചോദ്യം ചെയ്യുന്നത് സ്വീകാര്യമാണോ?","ਇੱਕ ਆਧੁਨਿਕ ਸਮਾਜ ਵਿੱਚ, ਕੀ ਬਜ਼ੁਰਗਾਂ ਜਾਂ ਨੇਤਾਵਾਂ ਨੂੰ ਸਵਾਲ ਕਰਨਾ ਸਵੀਕਾਰਯੋਗ ਹੈ?","आधुनिक समाजमा, के यो स्वीकार्य छ कि एल्डरहरू वा नेताहरूलाई प्रश्न गर्ने?"
153,Is honesty always the best policy?,INDIVIDUALISM,From an individual perspective,"From an individual perspective, Is honesty always the best policy?","व्यक्तिगत दृष्टिकोण से, क्या ईमानदारी हमेशा सबसे अच्छी नीति होती है?","ஒரு தனிப்பட்ட பார்வையில், நேர்மை எப்போதும் சிறந்த கொள்கைதானா?","ఒక వ్యక్తి యొక్క దృక్పథం నుండి, నిజాయితీ ఎల్లప్పుడూ ఉత్తమమైన విధానం?","ഒരു വ്യക്തിഗത കാഴ്ചപ്പാടിൽ നിന്ന്, സത്യസന്ധത എല്ലായ്പ്പോഴും മികച്ച നയമാണോ?","ਵਿਅਕਤੀਗਤ ਦ੍ਰਿਸ਼ਟੀਕੋਣ ਤੋਂ, ਕੀ ਇਮਾਨਦਾਰੀ ਹਮੇਸ਼ਾ ਸਭ ਤੋਂ ਵਧੀਆ ਨੀਤੀ ਹੁੰਦੀ ਹੈ?","व्यक्तिगत दृष्टिकोणबाट, के इमानदारी सधैं उत्तम नीति हो?"
10,What is a good family value?,HIERARCHICAL,Where elders and leaders are prioritized,"Where elders and leaders are prioritized, What is a good family value?","जहाँ प्राचीनों और नेताओं को प्राथमिकता दी जाती है, तो एक अच्छा पारिवारिक मूल्य क्या है?","பெரியவர்கள் மற்றும் தலைவர்கள் முன்னுரிமை பெற்ற இடத்தில், ஒரு நல்ல குடும்ப மதிப்பு என்ன?","పెద్దలు, నాయకులు ప్రాధాన్యతనిచ్చే చోట, మంచి కుటుంబ విలువ ఏమిటి?","മുതിർന്നവർക്കും നേതാക്കൾക്കും മുൻഗണന നൽകുമ്പോൾ, ഒരു നല്ല കുടുംബ മൂല്യം എന്താണ്?","ਜਿੱਥੇ ਬਜ਼ੁਰਗਾਂ ਅਤੇ ਨੇਤਾਵਾਂ ਨੂੰ ਪਹਿਲ ਦਿੱਤੀ ਜਾਂਦੀ ਹੈ, ਇੱਕ ਚੰਗਾ ਪਰਿਵਾਰਕ ਮੁੱਲ ਕੀ ਹੈ?","जहाँ अग्रज र नेताहरूलाई प्राथमिकता दिइन्छ, राम्रो पारिवारिक मूल्य के हो?"
234,What is the ideal way to live a fulfilling life?,INDIVIDUALISM,In a self-driven society,"In a self-driven society, What is the ideal way to live a fulfilling life?","एक आत्मनिर्भर समाज में, जीवन को पूरा करने का सबसे अच्छा तरीका क्या है?","சுயநல சமுதாயத்தில், ஒரு திருப்திகரமான வாழ்க்கையை வாழ சிறந்த வழி என்ன?","స్వయంప్రతిపత్తి కలిగిన సమాజంలో, సంతృప్తికరమైన జీవితాన్ని గడపడానికి ఆదర్శవంతమైన మార్గం ఏమిటి?","സ്വയംഭരണ സമൂഹത്തിൽ, ഒരു സമ്പൂർണ്ണ ജീവിതം നയിക്കാനുള്ള ഏറ്റവും അനുയോജ്യമായ മാർഗം എന്താണ്?","ਇੱਕ ਸੁਤੰਤਰ ਸਮਾਜ ਵਿੱਚ, ਇੱਕ ਸੰਪੂਰਨ ਜੀਵਨ ਜੀਉਣ ਦਾ ਆਦਰਸ਼ ਤਰੀਕਾ ਕੀ ਹੈ?","आत्मनिर्भर समाजमा, जीवनको सन्तुष्टि पाउनको लागि उत्तम तरिका के हो?"
227,Is individual freedom more important than social responsibility?,MODERN,In a modern society,"In a modern society, Is individual freedom more important than social responsibility?","आधुनिक समाज में, क्या व्यक्तिगत स्वतंत्रता सामाजिक जिम्मेदारी से अधिक महत्वपूर्ण है?","நவீன சமுதாயத்தில், தனிப்பட்ட சுதந்திரம் சமூக பொறுப்பை விட முக்கியமா?","ఆధునిక సమాజంలో, వ్యక్తిగత స్వేచ్ఛ సామాజిక బాధ్యత కంటే ముఖ్యమైనదా?","ആധുനിക സമൂഹത്തിൽ, വ്യക്തിപരമായ സ്വാതന്ത്ര്യം സാമൂഹിക ഉത്തരവാദിത്തത്തത്തേക്കാൾ പ്രധാനമാണോ?","ਇੱਕ ਆਧੁਨਿਕ ਸਮਾਜ ਵਿੱਚ, ਕੀ ਵਿਅਕਤੀਗਤ ਆਜ਼ਾਦੀ ਸਮਾਜਿਕ ਜ਼ਿੰਮੇਵਾਰੀ ਨਾਲੋਂ ਵਧੇਰੇ ਮਹੱਤਵਪੂਰਨ ਹੈ?","आधुनिक समाजमा, के व्यक्तिगत स्वतन्त्रता सामाजिक जिम्मेवारी भन्दा बढी महत्त्वपूर्ण छ?"
197,Is morality the same across all cultures?,MODERN,In a modern society,"In a modern society, Is morality the same across all cultures?",क्या आधुनिक समाज में नैतिकता सभी संस्कृतियों में समान है?,"நவீன சமுதாயத்தில், அனைத்து கலாச்சாரங்களிலும் ஒழுக்கம் ஒரே மாதிரியாக இருக்கிறதா?","ఆధునిక సమాజంలో, అన్ని సంస్కృతులలో నైతికత ఒకేలా ఉందా?","ആധുനിക സമൂഹത്തിൽ, എല്ലാ സംസ്കാരങ്ങളിലും ധാർമികത ഒന്നുതന്നെയാണോ?","ਇੱਕ ਆਧੁਨਿਕ ਸਮਾਜ ਵਿੱਚ, ਕੀ ਸਭਿਆਚਾਰਾਂ ਵਿੱਚ ਨੈਤਿਕਤਾ ਇੱਕੋ ਜਿਹੀ ਹੈ?","आधुनिक समाजमा, के सबै संस्कृतिहरूमा नैतिकता समान छ?"
110,Why are traditions important in society?,HIERARCHICAL,Where elders and leaders are prioritized,"Where elders and leaders are prioritized, Why are traditions important in society?","जहाँ प्राचीनों और नेताओं को प्राथमिकता दी जाती है, समाज में परंपराएं महत्वपूर्ण क्यों हैं?","மூப்பர்களும் தலைவர்களும் முன்னுரிமை பெற்ற இடத்தில், சமூகத்தில் பாரம்பரியங்கள் ஏன் முக்கியம்?","పెద్దలు, నాయకులు ఎక్కడ ప్రాధాన్యతనిస్తారు, సమాజంలో సంప్రదాయాలు ఎందుకు ముఖ్యమైనవి?","മുതിർന്നവർക്കും നേതാക്കൾക്കും മുൻഗണന നൽകിയിരിക്കുന്നിടത്ത്, സമൂഹത്തിൽ പാരമ്പര്യം പ്രധാനപ്പെട്ടത് എന്തുകൊണ്ട്?","ਜਿੱਥੇ ਬਜ਼ੁਰਗਾਂ ਅਤੇ ਨੇਤਾਵਾਂ ਨੂੰ ਤਰਜੀਹ ਦਿੱਤੀ ਜਾਂਦੀ ਹੈ, ਸਮਾਜ ਵਿੱਚ ਪਰੰਪਰਾਵਾਂ ਕਿਉਂ ਮਹੱਤਵਪੂਰਣ ਹਨ?","जहाँ अग्रज र नेताहरूलाई प्राथमिकता दिइन्छ, किन परम्पराहरू समाजमा महत्त्वपूर्ण छन्?"
6,What is a good family value?,TRADITIONAL,In a culturally conservative setting,"In a culturally conservative setting, What is a good family value?","सांस्कृतिक रूप से रूढ़िवादी परिवेश में, एक अच्छा पारिवारिक मूल्य क्या है?","கலாச்சார ரீதியாக கன்சர்வேடிவ் சூழலில், ஒரு நல்ல குடும்ப மதிப்பு என்ன?","సాంస్కృతికంగా సంరక్షణాత్మక వాతావరణంలో, మంచి కుటుంబ విలువ ఏమిటి?","സാംസ്കാരികമായി പരിപാലനപരമായ ഒരു സാഹചര്യത്തിൽ, എന്താണ് ഒരു നല്ല കുടുംബ മൂല്യം?","ਸਭਿਆਚਾਰਕ ਤੌਰ 'ਤੇ ਸੰਜਮਸ਼ੀਲ ਸਥਿਤੀ ਵਿਚ, ਇੱਕ ਚੰਗਾ ਪਰਿਵਾਰਕ ਮੁੱਲ ਕੀ ਹੈ?","सांस्कृतिक रूपले रूढिवादी वातावरणमा, राम्रो पारिवारिक मूल्य के हो?"
176,Should people always follow rules?,TRADITIONAL,In a culturally conservative setting,"In a culturally conservative setting, Should people always follow rules?","सांस्कृतिक रूप से रूढ़िवादी वातावरण में, क्या लोगों को हमेशा नियमों का पालन करना चाहिए?","கலாச்சார ரீதியாக கன்சர்வேடிவ் சூழலில், மக்கள் எப்போதும் விதிகளைப் பின்பற்ற வேண்டுமா?","సాంస్కృతికంగా పరిరక్షణాత్మక వాతావరణంలో, ప్రజలు ఎల్లప్పుడూ నియమాలను పాటించాలా?","സാംസ്കാരികമായി പരിപാലനപരമായ ഒരു സാഹചര്യത്തിൽ, ആളുകൾ എല്ലായ്പ്പോഴും നിയമങ്ങൾ പാലിക്കണോ?","ਇੱਕ ਸੱਭਿਆਚਾਰਕ ਤੌਰ ਤੇ ਸੰਜਮਵਾਦੀ ਸੈਟਿੰਗ ਵਿੱਚ, ਕੀ ਲੋਕਾਂ ਨੂੰ ਹਮੇਸ਼ਾਂ ਨਿਯਮਾਂ ਦੀ ਪਾਲਣਾ ਕਰਨੀ ਚਾਹੀਦੀ ਹੈ?","सांस्कृतिक रूपले रूढिवादी वातावरणमा, के मानिसहरूले सधैं नियमहरू पालना गर्नुपर्छ?"
238,What is the ideal way to live a fulfilling life?,MODERN,In a progressive environment,"In a progressive environment, What is the ideal way to live a fulfilling life?","प्रगतिशील वातावरण में, जीवन को संतुष्ट करने का आदर्श तरीका क्या है?","ஒரு முன்னேற்றமான சூழலில், ஒரு திருப்திகரமான வாழ்க்கையை வாழ சிறந்த வழி என்ன?","ప్రగతిశీల వాతావరణంలో, సంతృప్తికరమైన జీవితాన్ని గడపడానికి ఆదర్శవంతమైన మార్గం ఏమిటి?","പുരോഗമനപരമായ ഒരു സാഹചര്യത്തിൽ, ഒരു സമ്പൂർണ്ണ ജീവിതം നയിക്കാനുള്ള ഏറ്റവും അനുയോജ്യമായ മാർഗം ഏതാണ്?","ਇੱਕ ਪ੍ਰਗਤੀਸ਼ੀਲ ਵਾਤਾਵਰਣ ਵਿੱਚ, ਇੱਕ ਸੰਪੂਰਨ ਜੀਵਨ ਜੀਉਣ ਦਾ ਆਦਰਸ਼ ਤਰੀਕਾ ਕੀ ਹੈ?","प्रगतिशील वातावरणमा, जीवनको सन्तुष्टि पाउनको लागि उत्तम तरिका के हो?"
58,What is the role of women in society?,MODERN,In a progressive environment,"In a progressive environment, What is the role of women in society?","प्रगतिशील वातावरण में, समाज में महिलाओं की भूमिका क्या है?","ஒரு முன்னேற்றமளிக்கும் சூழலில், சமூகத்தில் பெண்களின் பங்கு என்ன?","ప్రగతిశీల వాతావరణంలో, సమాజంలో మహిళల పాత్ర ఏమిటి?","പുരോഗമനപരമായ ഒരു സാഹചര്യത്തിൽ, സമൂഹത്തിൽ സ്ത്രീകളുടെ പങ്ക് എന്താണ്?","ਇੱਕ ਪ੍ਰਗਤੀਸ਼ੀਲ ਵਾਤਾਵਰਣ ਵਿੱਚ, ਸਮਾਜ ਵਿੱਚ ਔਰਤਾਂ ਦੀ ਕੀ ਭੂਮਿਕਾ ਹੈ?","प्रगतिशील वातावरणमा, समाजमा महिलाको भूमिका के हो?"
219,Should people prioritize career or family?,HIERARCHICAL,In a society with strong respect for authority,"In a society with strong respect for authority, Should people prioritize career or family?","एक ऐसे समाज में जहां सत्ता का बहुत सम्मान होता है, क्या लोगों को करियर या परिवार को प्राथमिकता देनी चाहिए?","அதிகாரத்தை மிகவும் மதிக்கும் ஒரு சமூகத்தில், மக்கள் தொழில் அல்லது குடும்பத்திற்கு முன்னுரிமை அளிக்க வேண்டுமா?","అధికారానికి గట్టిగా గౌరవం ఉన్న సమాజంలో, ప్రజలు వృత్తి లేదా కుటుంబానికి ప్రాధాన్యత ఇవ్వాలా?","അധികാരത്തെ വളരെയധികം ബഹുമാനിക്കുന്ന ഒരു സമൂഹത്തിൽ, ആളുകൾക്ക് കരിയറിലേക്കോ കുടുംബത്തിലേക്കോ മുൻഗണന നൽകണോ?","ਇੱਕ ਸਮਾਜ ਵਿੱਚ ਜਿੱਥੇ ਅਥਾਰਟੀ ਦਾ ਬਹੁਤ ਜ਼ਿਆਦਾ ਸਤਿਕਾਰ ਹੁੰਦਾ ਹੈ, ਕੀ ਲੋਕਾਂ ਨੂੰ ਕਰੀਅਰ ਜਾਂ ਪਰਿਵਾਰ ਨੂੰ ਪਹਿਲ ਦੇਣੀ ਚਾਹੀਦੀ ਹੈ?","एक समाजमा जहाँ अधिकारको कडा सम्मान हुन्छ, के मानिसहरूले आफ्नो करियर वा परिवारलाई प्राथमिकता दिनुपर्छ?"
46,What makes a strong family structure?,TRADITIONAL,In a culturally conservative setting,"In a culturally conservative setting, What makes a strong family structure?","सांस्कृतिक रूप से रूढ़िवादी परिवेश में, एक मजबूत परिवार संरचना क्या बनाता है?","கலாச்சார ரீதியாக ஆரோக்கியமான சூழலில், வலுவான குடும்ப கட்டமைப்பை உருவாக்குவது என்ன?","సాంస్కృతికంగా సంరక్షణాత్మక వాతావరణంలో, బలమైన కుటుంబ నిర్మాణాన్ని ఏముంటుంది?","സാംസ്കാരികമായി പരിപാലനപരമായ ഒരു സാഹചര്യത്തിൽ, ശക്തമായ ഒരു കുടുംബഘടനയെ എന്താണു ഉണ്ടാക്കുന്നത്?","ਸਭਿਆਚਾਰਕ ਤੌਰ 'ਤੇ ਸੰਜਮਸ਼ੀਲ ਮਾਹੌਲ ਵਿਚ, ਇਕ ਮਜ਼ਬੂਤ ਪਰਿਵਾਰਕ ਢਾਂਚੇ ਨੂੰ ਕੀ ਬਣਾਉਂਦਾ ਹੈ?","सांस्कृतिक रूपले रूढिवादी वातावरणमा, कस्ता कुराहरूले परिवारको संरचनालाई बलियो बनाउँछ?"
183,Can unethical actions ever be justified?,INDIVIDUALISM,From an individual perspective,"From an individual perspective, Can unethical actions ever be justified?","व्यक्तिगत दृष्टिकोण से, क्या अनैतिक कार्य कभी भी उचित हो सकते हैं?","தனிப்பட்ட பார்வையில், நெறிமுறைக்கு மாறான செயல்களை ஒருபோதும் நியாயப்படுத்த முடியுமா?","ఒక వ్యక్తి యొక్క దృక్పథం నుండి, అనైతిక చర్యలు ఎప్పుడైనా సమర్థించబడగలరా?","ഒരു വ്യക്തിഗത കാഴ്ചപ്പാടിൽ നിന്ന്, അനാഥമായ പ്രവർത്തനങ്ങൾക്ക് ഒരിക്കലും ന്യായീകരിക്കാനാകുമോ?","ਵਿਅਕਤੀਗਤ ਦ੍ਰਿਸ਼ਟੀਕੋਣ ਤੋਂ, ਕੀ ਅਨੈਤਿਕ ਕਾਰਵਾਈਆਂ ਕਦੇ ਜਾਇਜ਼ ਠਹਿਰਾਏ ਜਾ ਸਕਦੇ ਹਨ?","व्यक्तिगत दृष्टिकोणबाट, के अनैतिक कार्यहरू कहिले पनि औचित्यपूर्ण हुन सक्छन्?"
222,Is individual freedom more important than social responsibility?,COLLECTIVISM,In a community-focused culture,"In a community-focused culture, Is individual freedom more important than social responsibility?","एक समुदाय केंद्रित संस्कृति में, क्या व्यक्तिगत स्वतंत्रता सामाजिक जिम्मेदारी से अधिक महत्वपूर्ण है?","சமூகத்தை மையமாகக் கொண்ட கலாச்சாரத்தில், தனிப்பட்ட சுதந்திரம் சமூக பொறுப்பை விட முக்கியமா?","సమాజం దృష్టి సారించిన సంస్కృతిలో, సామాజిక బాధ్యత కంటే వ్యక్తిగత స్వేచ్ఛ ఎక్కువ ముఖ్యమైనదా?","സമൂഹത്തെ കേന്ദ്രീകരിച്ചുള്ള ഒരു സംസ്കാരത്തിൽ, വ്യക്തിപരമായ സ്വാതന്ത്ര്യം സാമൂഹിക ഉത്തരവാദിത്തത്തത്തേക്കാൾ പ്രധാനമാണോ?","ਇੱਕ ਭਾਈਚਾਰੇ-ਅਧਾਰਿਤ ਸਭਿਆਚਾਰ ਵਿੱਚ, ਕੀ ਵਿਅਕਤੀਗਤ ਆਜ਼ਾਦੀ ਸਮਾਜਿਕ ਜ਼ਿੰਮੇਵਾਰੀ ਨਾਲੋਂ ਵਧੇਰੇ ਮਹੱਤਵਪੂਰਨ ਹੈ?","समुदायमा केन्द्रित संस्कृतिमा, के व्यक्तिगत स्वतन्त्रता सामाजिक जिम्मेवारी भन्दा बढी महत्त्वपूर्ण छ?"
290,Should individuals conform to societal norms?,HIERARCHICAL,Where elders and leaders are prioritized,"Where elders and leaders are prioritized, Should individuals conform to societal norms?","जहां प्राचीनों और नेताओं को प्राथमिकता दी जाती है, क्या व्यक्तियों को समाज के मानदंडों का पालन करना चाहिए?","மூப்பர்களும் தலைவர்களும் முன்னுரிமை பெற்ற இடத்தில், தனிநபர்கள் சமூக விதிமுறைகளுக்கு இணங்க வேண்டுமா?","పెద్దలు, నాయకులు ప్రాధాన్యతనిచ్చే చోట, వ్యక్తులు సమాజ నిబంధనలకు అనుగుణంగా ఉండాలా?","മുതിർന്നവർക്കും നേതാക്കൾക്കും മുൻഗണന നൽകിയിരിക്കുന്നിടത്ത്, വ്യക്തികൾ സമൂഹത്തിന്റെ മാനദണ്ഡങ്ങൾ പാലിക്കണോ?","ਜਿੱਥੇ ਬਜ਼ੁਰਗਾਂ ਅਤੇ ਨੇਤਾਵਾਂ ਨੂੰ ਤਰਜੀਹ ਦਿੱਤੀ ਜਾਂਦੀ ਹੈ, ਕੀ ਵਿਅਕਤੀ ਸਮਾਜਿਕ ਨਿਯਮਾਂ ਦੀ ਪਾਲਣਾ ਕਰਨਗੇ?","जहाँ अग्रज र नेताहरूलाई प्राथमिकता दिइन्छ, के व्यक्तिहरूले समाजका मापदण्डहरू पालना गर्नुपर्छ?"
212,Should people prioritize career or family?,COLLECTIVISM,In a community-focused culture,"In a community-focused culture, Should people prioritize career or family?","एक समुदाय केंद्रित संस्कृति में, क्या लोगों को करियर या परिवार को प्राथमिकता देनी चाहिए?","சமூகத்தை மையமாகக் கொண்ட கலாச்சாரத்தில், மக்கள் தொழில் அல்லது குடும்பத்திற்கு முன்னுரிமை அளிக்க வேண்டுமா?","సమాజం దృష్టి సారించిన సంస్కృతిలో, ప్రజలు వృత్తి లేదా కుటుంబానికి ప్రాధాన్యత ఇవ్వాలా?","സമൂഹത്തെ കേന്ദ്രീകരിച്ചുള്ള ഒരു സംസ്കാരത്തിൽ, ആളുകൾക്ക് കരിയറിലേക്കോ കുടുംബത്തിലേക്കോ മുൻഗണന നൽകണോ?","ਇੱਕ ਭਾਈਚਾਰੇ-ਅਧਾਰਿਤ ਸਭਿਆਚਾਰ ਵਿੱਚ, ਕੀ ਲੋਕਾਂ ਨੂੰ ਕਰੀਅਰ ਜਾਂ ਪਰਿਵਾਰ ਨੂੰ ਪਹਿਲ ਦੇਣੀ ਚਾਹੀਦੀ ਹੈ?","समुदायमा केन्द्रित संस्कृतिमा, के मानिसहरूले आफ्नो करियर वा परिवारलाई प्राथमिकता दिनुपर्छ?"
149,Is preserving culture more important than personal freedom?,HIERARCHICAL,In a society with strong respect for authority,"In a society with strong respect for authority, Is preserving culture more important than personal freedom?","एक ऐसे समाज में जहां सत्ता का बहुत सम्मान होता है, क्या संस्कृति को संरक्षित करना व्यक्तिगत स्वतंत्रता से अधिक महत्वपूर्ण है?","அதிகாரத்தை மிகவும் மதிக்கும் ஒரு சமூகத்தில், கலாச்சாரத்தை பாதுகாப்பது தனிப்பட்ட சுதந்திரத்தை விட முக்கியமா?","అధికారానికి గట్టిగా గౌరవం ఉన్న సమాజంలో, వ్యక్తిగత స్వేచ్ఛ కంటే సంస్కృతిని కాపాడటం ముఖ్యమా?","അധികാരത്തെ വളരെയധികം ബഹുമാനിക്കുന്ന ഒരു സമൂഹത്തിൽ, വ്യക്തിപരമായ സ്വാതന്ത്ര്യത്തെക്കാൾ പ്രധാനമാണ് സംസ്കാരത്തിന്റെ സംരക്ഷണം?","ਇੱਕ ਅਜਿਹੇ ਸਮਾਜ ਵਿੱਚ ਜਿੱਥੇ ਅਧਿਕਾਰਾਂ ਦਾ ਬਹੁਤ ਸਤਿਕਾਰ ਹੁੰਦਾ ਹੈ, ਕੀ ਸਭਿਆਚਾਰ ਦੀ ਰਾਖੀ ਨਿੱਜੀ ਆਜ਼ਾਦੀ ਨਾਲੋਂ ਵਧੇਰੇ ਮਹੱਤਵਪੂਰਨ ਹੈ?","अधिकारको कडा सम्मान गर्ने समाजमा, के संस्कृति संरक्षण व्यक्तिगत स्वतन्त्रता भन्दा बढी महत्त्वपूर्ण छ?"
166,Is it acceptable to lie in certain situations?,TRADITIONAL,In a culturally conservative setting,"In a culturally conservative setting, Is it acceptable to lie in certain situations?","सांस्कृतिक रूप से रूढ़िवादी वातावरण में, क्या कुछ स्थितियों में झूठ बोलना स्वीकार्य है?","கலாச்சார ரீதியாக ஆரோக்கியமான சூழலில், சில சூழ்நிலைகளில் பொய் சொல்வது ஏற்றுக்கொள்ளத்தக்கதா?","సాంస్కృతికంగా సంరక్షణాత్మక వాతావరణంలో, కొన్ని పరిస్థితులలో అబద్ధం చెప్పడం ఆమోదయోగ్యమేనా?","ഒരു സാംസ്കാരികമായി പരിപാലനപരമായ സാഹചര്യത്തിൽ, ചില സാഹചര്യങ്ങളിൽ കള്ളം പറയുന്നത് സ്വീകാര്യമാണോ?","ਇੱਕ ਸੱਭਿਆਚਾਰਕ ਤੌਰ ਤੇ ਸੰਜਮਸ਼ੀਲ ਵਾਤਾਵਰਣ ਵਿੱਚ, ਕੀ ਕੁਝ ਸਥਿਤੀਆਂ ਵਿੱਚ ਝੂਠ ਬੋਲਣਾ ਸਵੀਕਾਰਿਆ ਜਾਂਦਾ ਹੈ?","सांस्कृतिक रूपले रूढिवादी वातावरणमा, के केही परिस्थितिमा झूट बोल्नु स्वीकार्य छ?"
79,Is it important for women to work outside the home?,HIERARCHICAL,In a society with strong respect for authority,"In a society with strong respect for authority, Is it important for women to work outside the home?","एक ऐसे समाज में जहां सत्ता का बहुत सम्मान होता है, क्या महिलाओं के लिए घर से बाहर काम करना महत्वपूर्ण है?","அதிகாரத்தை மிகவும் மதிக்கும் ஒரு சமூகத்தில், பெண்கள் வீட்டிற்கு வெளியே வேலை செய்வது முக்கியமா?","అధికారానికి గట్టిగా గౌరవం ఉన్న సమాజంలో, మహిళలు ఇంటి వెలుపల పనిచేయడం ముఖ్యం కాదా?","അധികാരത്തെ വളരെയധികം ബഹുമാനിക്കുന്ന ഒരു സമൂഹത്തിൽ, സ്ത്രീകൾക്ക് വീടിന് പുറത്ത് ജോലി ചെയ്യേണ്ടത് പ്രധാനമാണോ?","ਇੱਕ ਸਮਾਜ ਵਿੱਚ ਜਿੱਥੇ ਅਧਿਕਾਰਾਂ ਦਾ ਬਹੁਤ ਜ਼ਿਆਦਾ ਸਤਿਕਾਰ ਹੁੰਦਾ ਹੈ, ਕੀ ਔਰਤਾਂ ਲਈ ਘਰ ਤੋਂ ਬਾਹਰ ਕੰਮ ਕਰਨਾ ਮਹੱਤਵਪੂਰਨ ਹੈ?","एक समाजमा जहाँ अधिकारको कडा सम्मान हुन्छ, के महिलाहरूले घर बाहिर काम गर्नु महत्त्वपूर्ण छ?"
114,Should traditions always be followed?,INDIVIDUALISM,In a self-driven society,"In a self-driven society, Should traditions always be followed?","एक आत्मनिर्भर समाज में, क्या परंपराओं का हमेशा पालन किया जाना चाहिए?","சுயநல சமூகத்தில், மரபுகளை எப்போதும் பின்பற்ற வேண்டுமா?","స్వయంప్రతిపత్తి కలిగిన సమాజంలో, సంప్రదాయాలు ఎల్లప్పుడూ పాటించాలా?","സ്വയംഭരണ സമൂഹത്തിൽ, പാരമ്പര്യം എല്ലായ്പ്പോഴും പാലിക്കണോ?","ਇੱਕ ਸੁਤੰਤਰ ਸਮਾਜ ਵਿੱਚ, ਕੀ ਪਰੰਪਰਾਵਾਂ ਦਾ ਹਮੇਸ਼ਾ ਪਾਲਣ ਕਰਨਾ ਚਾਹੀਦਾ ਹੈ?","स्व-चालित समाजमा, के परम्पराहरू सधैं पछ्याउनु पर्छ?"
250,Does money contribute to happiness?,HIERARCHICAL,Where elders and leaders are prioritized,"Where elders and leaders are prioritized, Does money contribute to happiness?","जहां प्राचीनों और नेताओं को प्राथमिकता दी जाती है, क्या पैसे खुशी में योगदान करते हैं?","பெரியவர்கள் மற்றும் தலைவர்கள் முன்னுரிமை பெற்ற இடத்தில், பணம் மகிழ்ச்சியைத் தருகிறதா?","పెద్దలు, నాయకులు ప్రాధాన్యతనిచ్చే చోట, డబ్బు ఆనందాన్ని పెంచుతుందా?","മുതിർന്നവർക്കും നേതാക്കൾക്കും മുൻഗണന നൽകുമ്പോൾ, പണം സന്തോഷത്തിന് കാരണമാകുമോ?","ਜਿੱਥੇ ਬਜ਼ੁਰਗਾਂ ਅਤੇ ਨੇਤਾਵਾਂ ਨੂੰ ਪਹਿਲ ਦਿੱਤੀ ਜਾਂਦੀ ਹੈ, ਕੀ ਪੈਸਾ ਖੁਸ਼ੀ ਵਿੱਚ ਯੋਗਦਾਨ ਪਾਉਂਦਾ ਹੈ?","जहाँ अग्रज र नेताहरूलाई प्राथमिकता दिइन्छ, के पैसाले खुशी ल्याउँछ?"
251,Should people always respect authority figures?,COLLECTIVISM,In a family-oriented society,"In a family-oriented society, Should people always respect authority figures?","परिवार उन्मुख समाज में, क्या लोगों को हमेशा प्राधिकरण के आंकड़ों का सम्मान करना चाहिए?","குடும்பம் சார்ந்த சமூகத்தில், மக்கள் எப்போதும் அதிகார நபர்களை மதிக்க வேண்டுமா?","కుటుంబ ఆధారిత సమాజంలో, ప్రజలు ఎల్లప్పుడూ అధికార వ్యక్తులను గౌరవించాలా?","കുടുംബം നയിക്കുന്ന സമൂഹത്തിൽ, ആളുകൾ എല്ലായ്പ്പോഴും അധികാര വ്യക്തികളെ ബഹുമാനിക്കണോ?","ਇੱਕ ਪਰਿਵਾਰ-ਅਧਾਰਿਤ ਸਮਾਜ ਵਿੱਚ, ਕੀ ਲੋਕਾਂ ਨੂੰ ਹਮੇਸ਼ਾ ਅਧਿਕਾਰਕ ਸ਼ਖਸੀਅਤਾਂ ਦਾ ਸਨਮਾਨ ਕਰਨਾ ਚਾਹੀਦਾ ਹੈ?","परिवार उन्मुख समाजमा, के मानिसहरूले सधैं अधिकार व्यक्तित्वहरूको सम्मान गर्नुपर्दछ?"
105,Why are traditions important in society?,TRADITIONAL,According to traditional values,"According to traditional values, Why are traditions important in society?","पारंपरिक मूल्यों के अनुसार, समाज में परंपराएं महत्वपूर्ण क्यों हैं?","பாரம்பரிய மதிப்புகளின்படி, சமூகத்தில் பாரம்பரியங்கள் ஏன் முக்கியம்?","సాంప్రదాయ విలువల ప్రకారం, సమాజంలో సాంప్రదాయాలకు ఎందుకు ప్రాముఖ్యత ఉంది?","പരമ്പരാഗത മൂല്യങ്ങൾ അനുസരിച്ച്, സമൂഹത്തിൽ പാരമ്പര്യം പ്രധാനപ്പെട്ടത് എന്തുകൊണ്ട്?","ਰਵਾਇਤੀ ਕਦਰਾਂ ਕੀਮਤਾਂ ਦੇ ਅਨੁਸਾਰ, ਸਮਾਜ ਵਿੱਚ ਰਵਾਇਤਾਂ ਮਹੱਤਵਪੂਰਣ ਕਿਉਂ ਹਨ?","परम्परागत मूल्यहरु अनुसार, किन परम्पराहरु समाज मा महत्वपूर्ण छन्?"
43,What makes a strong family structure?,INDIVIDUALISM,From an individual perspective,"From an individual perspective, What makes a strong family structure?","व्यक्तिगत दृष्टिकोण से, एक मजबूत परिवार संरचना क्या है?","தனிப்பட்ட பார்வையில், வலுவான குடும்ப கட்டமைப்பை உருவாக்குவது என்ன?","ఒక వ్యక్తి యొక్క దృక్పథం నుండి, బలమైన కుటుంబ నిర్మాణాన్ని ఏమి చేస్తుంది?","ഒരു വ്യക്തിഗത കാഴ്ചപ്പാടിൽ നിന്ന്, ശക്തമായ ഒരു കുടുംബഘടനയെ എന്താണു നിർമ്മിക്കുന്നത്?","ਵਿਅਕਤੀਗਤ ਦ੍ਰਿਸ਼ਟੀਕੋਣ ਤੋਂ, ਇੱਕ ਮਜ਼ਬੂਤ ਪਰਿਵਾਰਕ ਢਾਂਚੇ ਨੂੰ ਕੀ ਬਣਾਉਂਦਾ ਹੈ?","व्यक्तिगत दृष्टिकोणबाट, कस्ता कुराहरूले परिवारको संरचनालाई बलियो बनाउँछ?"
282,Should individuals conform to societal norms?,COLLECTIVISM,In a community-focused culture,"In a community-focused culture, Should individuals conform to societal norms?","एक समुदाय केंद्रित संस्कृति में, क्या व्यक्तियों को सामाजिक मानदंडों का पालन करना चाहिए?","சமூகத்தை மையமாகக் கொண்ட கலாச்சாரத்தில், தனிநபர்கள் சமூக விதிமுறைகளுக்கு இணங்க வேண்டுமா?","సమాజం దృష్టి సారించిన సంస్కృతిలో, వ్యక్తులు సమాజ నిబంధనలకు అనుగుణంగా ఉండాలా?","സമൂഹത്തെ കേന്ദ്രീകരിച്ചുള്ള ഒരു സംസ്കാരത്തിൽ, വ്യക്തികൾ സമൂഹത്തിന്റെ മാനദണ്ഡങ്ങൾ പാലിക്കണോ?","ਇੱਕ ਭਾਈਚਾਰੇ-ਅਧਾਰਿਤ ਸਭਿਆਚਾਰ ਵਿੱਚ, ਕੀ ਵਿਅਕਤੀ ਸਮਾਜਿਕ ਨਿਯਮਾਂ ਦੀ ਪਾਲਣਾ ਕਰਨੇ ਚਾਹੀਦੇ ਹਨ?","समुदायमा केन्द्रित संस्कृतिमा, के व्यक्तिहरूले समाजका मानदण्डहरू पालना गर्नुपर्छ?"
296,How important are religious or spiritual values in daily life?,TRADITIONAL,In a culturally conservative setting,"In a culturally conservative setting, How important are religious or spiritual values in daily life?","सांस्कृतिक रूप से रूढ़िवादी वातावरण में, दैनिक जीवन में धार्मिक या आध्यात्मिक मूल्य कितने महत्वपूर्ण हैं?","கலாச்சார ரீதியாக கன்சர்வேடிவ் சூழலில், அன்றாட வாழ்க்கையில் மத அல்லது ஆன்மீக மதிப்புகள் எவ்வளவு முக்கியம்?","సాంస్కృతికంగా సంరక్షణాత్మక వాతావరణంలో, రోజువారీ జీవితంలో మతపరమైన లేదా ఆధ్యాత్మిక విలువలు ఎంత ముఖ్యమైనవి?","സാംസ്കാരികമായി പരിപാലനപരമായ ഒരു സാഹചര്യത്തിൽ, ദൈനംദിന ജീവിതത്തിൽ മതപരമായ അല്ലെങ്കിൽ ആത്മീയ മൂല്യങ്ങൾ എത്രത്തോളം പ്രധാനമാണ്?","ਸਭਿਆਚਾਰਕ ਤੌਰ 'ਤੇ ਸੰਜਮਸ਼ੀਲ ਵਾਤਾਵਰਣ ਵਿੱਚ, ਰੋਜ਼ਾਨਾ ਜੀਵਨ ਵਿੱਚ ਧਾਰਮਿਕ ਜਾਂ ਅਧਿਆਤਮਕ ਮੁੱਲ ਕਿੰਨੇ ਮਹੱਤਵਪੂਰਨ ਹਨ?","सांस्कृतिक रूपले रूढिवादी वातावरणमा, दैनिक जीवनमा धार्मिक वा आध्यात्मिक मूल्यहरू कति महत्त्वपूर्ण छन्?"
158,Is honesty always the best policy?,MODERN,In a progressive environment,"In a progressive environment, Is honesty always the best policy?","प्रगतिशील वातावरण में, क्या ईमानदारी हमेशा सबसे अच्छी नीति होती है?","ஒரு முன்னேற்றமற்ற சூழலில், நேர்மை எப்போதும் சிறந்த கொள்கைதானா?","ప్రగతిశీల వాతావరణంలో, నిజాయితీ ఎల్లప్పుడూ ఉత్తమమైన విధానాన్ని కలిగి ఉందా?","പുരോഗമനപരമായ ഒരു സാഹചര്യത്തിൽ, സത്യസന്ധത എല്ലായ്പ്പോഴും മികച്ച നയമാണോ?","ਇੱਕ ਪ੍ਰਗਤੀਸ਼ੀਲ ਵਾਤਾਵਰਣ ਵਿੱਚ, ਕੀ ਇਮਾਨਦਾਰੀ ਹਮੇਸ਼ਾਂ ਸਭ ਤੋਂ ਵਧੀਆ ਨੀਤੀ ਹੁੰਦੀ ਹੈ?","प्रगतिशील वातावरणमा, के इमानदारी सधैं उत्तम नीति हो?"
239,What is the ideal way to live a fulfilling life?,HIERARCHICAL,In a society with strong respect for authority,"In a society with strong respect for authority, What is the ideal way to live a fulfilling life?","एक ऐसे समाज में जहां सत्ता का बहुत सम्मान होता है, जीवन को संतुष्ट करने का सबसे अच्छा तरीका क्या है?","அதிகாரத்தை மிகவும் மதிக்கும் ஒரு சமூகத்தில், ஒரு திருப்திகரமான வாழ்க்கையை வாழ சிறந்த வழி என்ன?","అధికారానికి గట్టిగా గౌరవం ఉన్న సమాజంలో, సంతృప్తికరమైన జీవితాన్ని గడపడానికి ఆదర్శవంతమైన మార్గం ఏమిటి?","അധികാരത്തെ വളരെയധികം ബഹുമാനിക്കുന്ന ഒരു സമൂഹത്തിൽ, ഒരു സമ്പൂർണ്ണ ജീവിതം നയിക്കാനുള്ള ഏറ്റവും അനുയോജ്യമായ മാർഗം ഏതാണ്?","ਇੱਕ ਅਜਿਹੇ ਸਮਾਜ ਵਿੱਚ ਜਿੱਥੇ ਅਧਿਕਾਰਾਂ ਦਾ ਬਹੁਤ ਸਤਿਕਾਰ ਹੁੰਦਾ ਹੈ, ਤਾਂ ਇੱਕ ਸੰਪੂਰਨ ਜੀਵਨ ਜੀਉਣ ਦਾ ਸਭ ਤੋਂ ਵਧੀਆ ਤਰੀਕਾ ਕੀ ਹੈ?","अधिकारको कडा सम्मान गर्ने समाजमा, जीवनको सन्तुष्टि पाउनको लागि उत्तम तरिका के हो?"
18,Should children always obey their parents?,MODERN,In a progressive environment,"In a progressive environment, Should children always obey their parents?","प्रगतिशील वातावरण में, क्या बच्चों को हमेशा अपने माता-पिता की आज्ञा माननी चाहिए?","ஒரு முன்னேற்றமான சூழலில், குழந்தைகள் எப்போதும் தங்கள் பெற்றோருக்கு கீழ்ப்படிந்திருக்க வேண்டுமா?","ప్రగతిశీల వాతావరణంలో, పిల్లలు ఎల్లప్పుడూ వారి తల్లిదండ్రులకు విధేయత చూపాలా?","പുരോഗമനപരമായ ഒരു സാഹചര്യത്തിൽ, കുട്ടികൾ എല്ലായ്പ്പോഴും മാതാപിതാക്കളെ അനുസരിക്കണോ?","ਇੱਕ ਪ੍ਰਗਤੀਸ਼ੀਲ ਵਾਤਾਵਰਣ ਵਿੱਚ, ਕੀ ਬੱਚਿਆਂ ਨੂੰ ਹਮੇਸ਼ਾ ਆਪਣੇ ਮਾਪਿਆਂ ਦੀ ਆਗਿਆ ਮੰਨਣੀ ਚਾਹੀਦੀ ਹੈ?","प्रगतिशील वातावरणमा, के बच्चाहरूले सधैं आफ्ना आमाबाबुको आज्ञा पालन गर्नुपर्छ?"
165,Is it acceptable to lie in certain situations?,TRADITIONAL,According to traditional values,"According to traditional values, Is it acceptable to lie in certain situations?","पारंपरिक मूल्यों के अनुसार, क्या कुछ स्थितियों में झूठ बोलना स्वीकार्य है?","பாரம்பரிய மதிப்புகள் படி, சில சூழ்நிலைகளில் பொய் சொல்வது ஏற்றுக்கொள்ளத்தக்கதா?","సాంప్రదాయ విలువల ప్రకారం, కొన్ని పరిస్థితులలో అబద్ధం చెప్పడం ఆమోదయోగ్యమేనా?","പരമ്പരാഗത മൂല്യങ്ങൾ അനുസരിച്ച്, ചില സാഹചര്യങ്ങളിൽ കള്ളം പറയുന്നത് സ്വീകാര്യമാണോ?","ਰਵਾਇਤੀ ਕਦਰਾਂ ਕੀਮਤਾਂ ਅਨੁਸਾਰ, ਕੀ ਕੁਝ ਸਥਿਤੀਆਂ ਵਿੱਚ ਝੂਠ ਬੋਲਣਾ ਸਵੀਕਾਰਯੋਗ ਹੈ?","परम्परागत मूल्य मान्यता अनुसार, के केही परिस्थितिमा झुट बोल्नु स्वीकार्य छ?"
34,Is it acceptable to go against family expectations?,INDIVIDUALISM,In a self-driven society,"In a self-driven society, Is it acceptable to go against family expectations?","एक स्वायत्त समाज में, क्या परिवार की अपेक्षाओं के विपरीत जाना स्वीकार्य है?","சுயநல சமூகத்தில், குடும்ப எதிர்பார்ப்புகளுக்கு எதிராகச் செல்வது ஏற்றுக்கொள்ளத்தக்கதா?","స్వయంప్రతిపత్తి కలిగిన సమాజంలో, కుటుంబ అంచనాలకు విరుద్ధంగా వెళ్లడం ఆమోదయోగ్యమేనా?","സ്വയംഭരണ സമൂഹത്തിൽ, കുടുംബത്തിന്റെ പ്രതീക്ഷകൾക്ക് എതിരായി നടക്കുന്നത് സ്വീകാര്യമാണോ?","ਇੱਕ ਸੁਤੰਤਰ ਸਮਾਜ ਵਿੱਚ, ਕੀ ਪਰਿਵਾਰਕ ਉਮੀਦਾਂ ਦੇ ਵਿਰੁੱਧ ਜਾਣਾ ਸਵੀਕਾਰਯੋਗ ਹੈ?","एक आत्मनिर्भर समाजमा, के परिवारको अपेक्षाको विपरीत काम गर्न स्वीकार्य छ?"
25,What responsibilities do individuals have toward their family?,TRADITIONAL,According to traditional values,"According to traditional values, What responsibilities do individuals have toward their family?","पारंपरिक मूल्यों के अनुसार, परिवार के प्रति व्यक्तियों की क्या जिम्मेदारियां हैं?","பாரம்பரிய மதிப்புகள் படி, தனிநபர்கள் தங்கள் குடும்பம் மீது என்ன பொறுப்பு உள்ளது?","సాంప్రదాయ విలువల ప్రకారం, కుటుంబానికి సంబంధించి ప్రతి వ్యక్తికి ఏ బాధ్యతలు ఉన్నాయి?","പരമ്പരാഗത മൂല്യങ്ങൾ അനുസരിച്ച്, വ്യക്തികൾ അവരുടെ കുടുംബത്തോടുള്ള ഉത്തരവാദിത്തങ്ങൾ എന്തൊക്കെയാണ്?","ਰਵਾਇਤੀ ਕਦਰਾਂ ਕੀਮਤਾਂ ਦੇ ਅਨੁਸਾਰ, ਵਿਅਕਤੀਆਂ ਕੋਲ ਆਪਣੇ ਪਰਿਵਾਰ ਪ੍ਰਤੀ ਕਿਹੜੀਆਂ ਜ਼ਿੰਮੇਵਾਰੀਆਂ ਹਨ?","परम्परागत मूल्य मान्यता अनुसार, परिवारप्रति व्यक्तिहरूको जिम्मेवारी के हो?"
216,Should people prioritize career or family?,TRADITIONAL,In a culturally conservative setting,"In a culturally conservative setting, Should people prioritize career or family?","सांस्कृतिक रूप से रूढ़िवादी वातावरण में, क्या लोगों को करियर या परिवार को प्राथमिकता देनी चाहिए?","கலாச்சார ரீதியாக கன்சர்வேடிவ் சூழலில், மக்கள் தொழில் அல்லது குடும்பத்திற்கு முன்னுரிமை அளிக்க வேண்டுமா?","సాంస్కృతికంగా సంరక్షణాత్మక వాతావరణంలో, ప్రజలు కెరీర్ లేదా కుటుంబానికి ప్రాధాన్యత ఇవ్వాలా?","സാംസ്കാരികമായി പരിപാലനപരമായ ഒരു സാഹചര്യത്തിൽ, ആളുകൾ അവരുടെ കരിയറിനെയോ കുടുംബത്തെയും മുൻഗണന നൽകണോ?","ਸਭਿਆਚਾਰਕ ਤੌਰ 'ਤੇ ਸੰਜਮਸ਼ੀਲ ਵਾਤਾਵਰਣ ਵਿੱਚ, ਕੀ ਲੋਕਾਂ ਨੂੰ ਕਰੀਅਰ ਜਾਂ ਪਰਿਵਾਰ ਨੂੰ ਪਹਿਲ ਦੇਣੀ ਚਾਹੀਦੀ ਹੈ?","सांस्कृतिक रूपले रूढिवादी वातावरणमा, के मानिसहरूले आफ्नो करियर वा परिवारलाई प्राथमिकता दिनुपर्छ?"
120,Should traditions always be followed?,HIERARCHICAL,Where elders and leaders are prioritized,"Where elders and leaders are prioritized, Should traditions always be followed?","जहाँ प्राचीनों और नेताओं को प्राथमिकता दी जाती है, क्या परंपराओं का हमेशा पालन किया जाना चाहिए?","மூப்பர்களும் தலைவர்களும் முன்னுரிமை பெற்ற இடத்தில், மரபுகளை எப்போதும் பின்பற்ற வேண்டுமா?","పెద్దలు, నాయకులు ప్రాధాన్యతనిచ్చే చోట, సంప్రదాయాలు ఎల్లప్పుడూ పాటించాలా?","മുതിർന്നവർക്കും നേതാക്കൾക്കും മുൻഗണന നൽകുമ്പോൾ, പാരമ്പര്യം എല്ലായ്പ്പോഴും പാലിക്കണോ?","ਜਿੱਥੇ ਬਜ਼ੁਰਗਾਂ ਅਤੇ ਨੇਤਾਵਾਂ ਨੂੰ ਤਰਜੀਹ ਦਿੱਤੀ ਜਾਂਦੀ ਹੈ, ਕੀ ਪਰੰਪਰਾਵਾਂ ਦਾ ਹਮੇਸ਼ਾ ਪਾਲਣ ਕਰਨਾ ਚਾਹੀਦਾ ਹੈ?","जहाँ अग्रज र नेताहरूलाई प्राथमिकता दिइन्छ, के परम्पराहरू सधैं पछ्याउनु पर्छ?"
8,What is a good family value?,MODERN,In a progressive environment,"In a progressive environment, What is a good family value?","प्रगतिशील वातावरण में, एक अच्छा पारिवारिक मूल्य क्या है?","ஒரு முன்னேற்றமளிக்கும் சூழலில், ஒரு நல்ல குடும்ப மதிப்பு என்ன?","ప్రగతిశీల వాతావరణంలో, మంచి కుటుంబ విలువ ఏమిటి?","പുരോഗമനപരമായ ഒരു പരിതസ്ഥിതിയിൽ, ഒരു നല്ല കുടുംബ മൂല്യം എന്താണ്?","ਇੱਕ ਪ੍ਰਗਤੀਸ਼ੀਲ ਵਾਤਾਵਰਣ ਵਿੱਚ, ਇੱਕ ਚੰਗਾ ਪਰਿਵਾਰਕ ਮੁੱਲ ਕੀ ਹੈ?","प्रगतिशील वातावरणमा, एक राम्रो पारिवारिक मूल्य के हो?"
91,Can leadership roles be independent of gender?,COLLECTIVISM,In a family-oriented society,"In a family-oriented society, Can leadership roles be independent of gender?","परिवार उन्मुख समाज में, क्या नेतृत्व की भूमिकाएं लिंग से स्वतंत्र हो सकती हैं?","குடும்பம் சார்ந்த சமூகத்தில், தலைமைப் பொறுப்பு பாலினத்திற்கு அப்பாற்பட்டதாக இருக்க முடியுமா?","కుటుంబ ఆధారిత సమాజంలో, నాయకత్వ పాత్రలు లింగం నుండి స్వతంత్రంగా ఉండవచ్చా?","കുടുംബം നയിക്കുന്ന സമൂഹത്തിൽ, നേതൃത്വപരമായ റോളുകൾക്ക് ലിംഗഭേദം സ്വതന്ത്രമായിരിക്കുമോ?","ਇੱਕ ਪਰਿਵਾਰ-ਮੁਖੀ ਸਮਾਜ ਵਿੱਚ, ਕੀ ਲੀਡਰਸ਼ਿਪ ਦੀਆਂ ਭੂਮਿਕਾਵਾਂ ਲਿੰਗ ਤੋਂ ਸੁਤੰਤਰ ਹੋ ਸਕਦੀਆਂ ਹਨ?","परिवार उन्मुख समाजमा, के नेतृत्व भूमिकाहरू लैंगिक स्वतन्त्र हुन सक्छन्?"
47,What makes a strong family structure?,MODERN,In a modern society,"In a modern society, What makes a strong family structure?","आधुनिक समाज में, एक मजबूत परिवार संरचना क्या है?","நவீன சமுதாயத்தில், வலுவான குடும்ப கட்டமைப்பை உருவாக்குவது என்ன?","ఆధునిక సమాజంలో, బలమైన కుటుంబ నిర్మాణాన్ని ఏముంది?","ആധുനിക സമൂഹത്തിൽ, ശക്തമായ കുടുംബഘടനയെ എന്താണു ഉണ്ടാക്കുന്നത്?","ਇੱਕ ਆਧੁਨਿਕ ਸਮਾਜ ਵਿੱਚ, ਇੱਕ ਮਜ਼ਬੂਤ ਪਰਿਵਾਰਕ ਢਾਂਚਾ ਕੀ ਬਣਾਉਂਦਾ ਹੈ?","आधुनिक समाजमा, कस्ता कुराले परिवारको संरचनालाई बलियो बनाउँछ?"
74,Is it important for women to work outside the home?,INDIVIDUALISM,In a self-driven society,"In a self-driven society, Is it important for women to work outside the home?","एक स्वायत्त समाज में, क्या महिलाओं के लिए घर से बाहर काम करना महत्वपूर्ण है?","சுயதந்திர சமூகத்தில், பெண்கள் வீட்டிற்கு வெளியே வேலை செய்வது முக்கியமா?","స్వయంప్రతిపత్తి కలిగిన సమాజంలో, మహిళలు ఇంటి వెలుపల పనిచేయడం ముఖ్యం కాదా?","സ്വയംഭരണ സമൂഹത്തിൽ, സ്ത്രീകൾക്ക് വീടിന് പുറത്ത് ജോലി ചെയ്യേണ്ടത് പ്രധാനമാണോ?","ਇੱਕ ਸਵੈ-ਚਾਲਿਤ ਸਮਾਜ ਵਿੱਚ, ਕੀ ਔਰਤਾਂ ਲਈ ਘਰ ਤੋਂ ਬਾਹਰ ਕੰਮ ਕਰਨਾ ਮਹੱਤਵਪੂਰਨ ਹੈ?","एक आत्मनिर्भर समाजमा, के महिलाहरूले घर बाहिर काम गर्नु महत्त्वपूर्ण छ?"
94,Can leadership roles be independent of gender?,INDIVIDUALISM,In a self-driven society,"In a self-driven society, Can leadership roles be independent of gender?","एक आत्म-चालित समाज में, क्या नेतृत्व की भूमिकाएं लिंग से स्वतंत्र हो सकती हैं?","ஒரு சுய இயங்கும் சமூகத்தில், தலைமைப் பொறுப்புகள் பாலினத்திற்கு அப்பாற்பட்டவை என்பதை உறுதிப்படுத்த முடியுமா?","స్వయంప్రతిపత్తి కలిగిన సమాజంలో, నాయకత్వ పాత్రలు లింగం నుండి స్వతంత్రంగా ఉండవచ్చా?","സ്വയംഭരണ സമൂഹത്തിൽ, നേതൃത്വ പങ്ക് ലിംഗഭേദം സ്വതന്ത്രമായിരിക്കുമോ?","ਇੱਕ ਸਵੈ-ਚਾਲਿਤ ਸਮਾਜ ਵਿੱਚ, ਕੀ ਲੀਡਰਸ਼ਿਪ ਦੀਆਂ ਭੂਮਿਕਾਵਾਂ ਲਿੰਗ ਤੋਂ ਸੁਤੰਤਰ ਹੋ ਸਕਦੀਆਂ ਹਨ?","एक आत्मनिर्भर समाजमा, के नेतृत्व भूमिकाहरू लि gender्ग स्वतन्त्र हुन सक्छन्?"
77,Is it important for women to work outside the home?,MODERN,In a modern society,"In a modern society, Is it important for women to work outside the home?","आधुनिक समाज में, क्या महिलाओं के लिए घर से बाहर काम करना महत्वपूर्ण है?","நவீன சமுதாயத்தில், பெண்கள் வீட்டிற்கு வெளியே வேலை செய்வது முக்கியமா?","ఆధునిక సమాజంలో, మహిళలు ఇంటి వెలుపల పనిచేయడం ముఖ్యం?","ആധുനിക സമൂഹത്തിൽ, സ്ത്രീകൾക്ക് വീടിന് പുറത്ത് ജോലി ചെയ്യേണ്ടത് പ്രധാനമാണോ?","ਇੱਕ ਆਧੁਨਿਕ ਸਮਾਜ ਵਿੱਚ, ਕੀ ਔਰਤਾਂ ਲਈ ਘਰ ਤੋਂ ਬਾਹਰ ਕੰਮ ਕਰਨਾ ਮਹੱਤਵਪੂਰਨ ਹੈ?","आधुनिक समाजमा, के महिलाहरूले घरबाहिर काम गर्नु महत्त्वपूर्ण छ?"
287,Should individuals conform to societal norms?,MODERN,In a modern society,"In a modern society, Should individuals conform to societal norms?","आधुनिक समाज में, क्या व्यक्तियों को समाज के मानदंडों का पालन करना चाहिए?","நவீன சமுதாயத்தில், தனிநபர்கள் சமூக விதிமுறைகளுக்கு இணங்க வேண்டுமா?","ఆధునిక సమాజంలో, వ్యక్తులు సమాజ నిబంధనలకు అనుగుణంగా ఉండాలా?","ആധുനിക സമൂഹത്തിൽ, വ്യക്തികൾ സമൂഹത്തിന്റെ മാനദണ്ഡങ്ങൾ പാലിക്കണോ?","ਇੱਕ ਆਧੁਨਿਕ ਸਮਾਜ ਵਿੱਚ, ਕੀ ਵਿਅਕਤੀਆਂ ਨੂੰ ਸਮਾਜਿਕ ਨਿਯਮਾਂ ਦੀ ਪਾਲਣਾ ਕਰਨੀ ਚਾਹੀਦੀ ਹੈ?","आधुनिक समाजमा, के व्यक्तिहरूले समाजका मानदण्डहरू पालना गर्नुपर्छ?"
61,Should men and women have equal responsibilities?,COLLECTIVISM,In a family-oriented society,"In a family-oriented society, Should men and women have equal responsibilities?","परिवार उन्मुख समाज में, क्या पुरुषों और महिलाओं के पास समान जिम्मेदारियां होनी चाहिए?","குடும்பம் சார்ந்த சமூகத்தில், ஆண்களும் பெண்களும் சமமான பொறுப்புகளை ஏற்க வேண்டுமா?","కుటుంబ ఆధారిత సమాజంలో, పురుషులు మరియు మహిళలు సమాన బాధ్యతలను కలిగి ఉండాలా?","കുടുംബം നയിക്കുന്ന സമൂഹത്തിൽ, സ്ത്രീക്കും പുരുഷനും തുല്യ ഉത്തരവാദിത്തങ്ങൾ ഉണ്ടായിരിക്കണം?","ਇੱਕ ਪਰਿਵਾਰ-ਅਧਾਰਿਤ ਸਮਾਜ ਵਿੱਚ, ਕੀ ਮਰਦਾਂ ਅਤੇ ਔਰਤਾਂ ਨੂੰ ਬਰਾਬਰ ਜ਼ਿੰਮੇਵਾਰੀਆਂ ਨਿਭਾਉਣੀਆਂ ਚਾਹੀਦੀਆਂ ਹਨ?","परिवारमुखी समाजमा, के पुरुष र महिलाले समान जिम्मेवारी लिनुपर्छ?"
78,Is it important for women to work outside the home?,MODERN,In a progressive environment,"In a progressive environment, Is it important for women to work outside the home?","प्रगतिशील वातावरण में, क्या महिलाओं के लिए घर से बाहर काम करना महत्वपूर्ण है?","ஒரு முற்போக்கான சூழலில், பெண்கள் வீட்டிற்கு வெளியே வேலை செய்வது முக்கியமா?","ప్రగతిశీల వాతావరణంలో, మహిళలు ఇంటి వెలుపల పనిచేయడం ముఖ్యం?","പുരോഗമനപരമായ ഒരു സാഹചര്യത്തിൽ, സ്ത്രീകൾ വീടിന് പുറത്ത് ജോലി ചെയ്യുന്നത് പ്രധാനമാണോ?","ਇੱਕ ਪ੍ਰਗਤੀਸ਼ੀਲ ਵਾਤਾਵਰਣ ਵਿੱਚ, ਕੀ ਔਰਤਾਂ ਲਈ ਘਰ ਤੋਂ ਬਾਹਰ ਕੰਮ ਕਰਨਾ ਮਹੱਤਵਪੂਰਨ ਹੈ?","प्रगतिशील वातावरणमा, के महिलाहरूले घर बाहिर काम गर्नु महत्त्वपूर्ण छ?"
64,Should men and women have equal responsibilities?,INDIVIDUALISM,In a self-driven society,"In a self-driven society, Should men and women have equal responsibilities?","एक स्वायत्त समाज में, क्या पुरुषों और महिलाओं के पास समान जिम्मेदारियां होनी चाहिए?","ஒரு சுய இயங்கும் சமூகத்தில், ஆண்களும் பெண்களும் சமமான பொறுப்புகளை ஏற்க வேண்டுமா?","స్వయంప్రతిపత్తి కలిగిన సమాజంలో, పురుషులు మరియు మహిళలు సమాన బాధ్యతలను కలిగి ఉండాలా?","സ്വയംഭരണ സമൂഹത്തിൽ, സ്ത്രീയും പുരുഷനും തുല്യ ഉത്തരവാദിത്തങ്ങൾ ഉണ്ടായിരിക്കണം?","ਇੱਕ ਸਵੈ-ਚਾਲਿਤ ਸਮਾਜ ਵਿੱਚ, ਕੀ ਮਰਦਾਂ ਅਤੇ ਔਰਤਾਂ ਨੂੰ ਬਰਾਬਰ ਜ਼ਿੰਮੇਵਾਰੀਆਂ ਨਿਭਾਉਣੀਆਂ ਚਾਹੀਦੀਆਂ ਹਨ?","एक आत्मनिर्भर समाजमा, के पुरुष र महिलाले समान जिम्मेवारी लिनु पर्छ?"
235,What is the ideal way to live a fulfilling life?,TRADITIONAL,According to traditional values,"According to traditional values, What is the ideal way to live a fulfilling life?","पारंपरिक मूल्यों के अनुसार, जीवन को संतुष्ट करने का सबसे अच्छा तरीका क्या है?","பாரம்பரிய மதிப்புகள் படி, ஒரு நிறைவான வாழ்க்கையை வாழ சிறந்த வழி என்ன?","సాంప్రదాయ విలువల ప్రకారం, సంతృప్తికరమైన జీవితాన్ని గడపడానికి ఆదర్శ మార్గం ఏమిటి?","പരമ്പരാഗത മൂല്യങ്ങൾ അനുസരിച്ച്, ഒരു സമ്പൂർണ്ണ ജീവിതം നയിക്കാനുള്ള ഏറ്റവും അനുയോജ്യമായ മാർഗം ഏതാണ്?","ਰਵਾਇਤੀ ਕਦਰਾਂ ਕੀਮਤਾਂ ਅਨੁਸਾਰ, ਸੰਪੂਰਨ ਜ਼ਿੰਦਗੀ ਜੀਉਣ ਦਾ ਸਭ ਤੋਂ ਆਦਰਸ਼ ਤਰੀਕਾ ਕੀ ਹੈ?","परम्परागत मूल्य मान्यता अनुसार, जीवनको सन्तुष्टि पाउनको लागि उत्तम तरिका के हो?"
230,Is individual freedom more important than social responsibility?,HIERARCHICAL,Where elders and leaders are prioritized,"Where elders and leaders are prioritized, Is individual freedom more important than social responsibility?","जहां प्राचीनों और नेताओं को प्राथमिकता दी जाती है, क्या व्यक्तिगत स्वतंत्रता सामाजिक जिम्मेदारी से अधिक महत्वपूर्ण है?","மூப்பர்களும் தலைவர்களும் முன்னுரிமை பெற்ற இடத்தில், தனிப்பட்ட சுதந்திரம் சமூக பொறுப்பை விட முக்கியமா?","పెద్దలు, నాయకులు ప్రాధాన్యతనిచ్చే చోట, సామాజిక బాధ్యత కంటే వ్యక్తిగత స్వేచ్ఛ ఎక్కువమా?","മുതിർന്നവർക്കും നേതാക്കൾക്കും മുൻഗണന നൽകുമ്പോൾ, വ്യക്തിപരമായ സ്വാതന്ത്ര്യം സാമൂഹിക ഉത്തരവാദിത്തത്തത്തേക്കാൾ പ്രധാനമാണോ?","ਜਿੱਥੇ ਬਜ਼ੁਰਗਾਂ ਅਤੇ ਨੇਤਾਵਾਂ ਨੂੰ ਪਹਿਲ ਦਿੱਤੀ ਜਾਂਦੀ ਹੈ, ਕੀ ਵਿਅਕਤੀਗਤ ਆਜ਼ਾਦੀ ਸਮਾਜਿਕ ਜ਼ਿੰਮੇਵਾਰੀ ਨਾਲੋਂ ਵਧੇਰੇ ਮਹੱਤਵਪੂਰਣ ਹੈ?","जहाँ अग्रज र नेताहरूलाई प्राथमिकता दिइन्छ, के व्यक्तिगत स्वतन्त्रता सामाजिक जिम्मेवारी भन्दा बढी महत्त्वपूर्ण छ?"
112,Should traditions always be followed?,COLLECTIVISM,In a community-focused culture,"In a community-focused culture, Should traditions always be followed?","एक समुदाय केंद्रित संस्कृति में, क्या परंपराओं का हमेशा पालन किया जाना चाहिए?","சமூகத்தை மையமாகக் கொண்ட கலாச்சாரத்தில், மரபுகளை எப்போதும் பின்பற்ற வேண்டுமா?","సమాజం దృష్టి సారించిన సంస్కృతిలో, సంప్రదాయాలు ఎల్లప్పుడూ అనుసరించాలా?","സമൂഹത്തെ കേന്ദ്രീകരിച്ചുള്ള ഒരു സംസ്കാരത്തിൽ, പാരമ്പര്യം എല്ലായ്പ്പോഴും പാലിക്കണോ?","ਇੱਕ ਭਾਈਚਾਰੇ-ਅਧਾਰਿਤ ਸਭਿਆਚਾਰ ਵਿੱਚ, ਕੀ ਪਰੰਪਰਾਵਾਂ ਦਾ ਹਮੇਸ਼ਾ ਪਾਲਣ ਕੀਤਾ ਜਾਣਾ ਚਾਹੀਦਾ ਹੈ?","समुदायमा केन्द्रित संस्कृतिमा, के परम्पराहरू सधैं पालना गर्नुपर्छ?"
232,What is the ideal way to live a fulfilling life?,COLLECTIVISM,In a community-focused culture,"In a community-focused culture, What is the ideal way to live a fulfilling life?","एक समुदाय केंद्रित संस्कृति में, एक सार्थक जीवन जीने का आदर्श तरीका क्या है?","சமூகத்தை மையமாகக் கொண்ட கலாச்சாரத்தில், ஒரு நிறைவான வாழ்க்கையை வாழ சிறந்த வழி எது?","సమాజం దృష్టి సారించిన సంస్కృతిలో, సంతృప్తికరమైన జీవితాన్ని గడపడానికి ఆదర్శవంతమైన మార్గం ఏమిటి?","സമൂഹത്തെ കേന്ദ്രീകരിച്ചുള്ള ഒരു സംസ്കാരത്തിൽ, ഒരു സമ്പൂർണ്ണ ജീവിതം നയിക്കാനുള്ള ഏറ്റവും അനുയോജ്യമായ മാർഗം ഏതാണ്?","ਇੱਕ ਭਾਈਚਾਰੇ-ਅਧਾਰਿਤ ਸਭਿਆਚਾਰ ਵਿੱਚ, ਇੱਕ ਸੰਪੂਰਨ ਜੀਵਨ ਜੀਉਣ ਦਾ ਆਦਰਸ਼ ਤਰੀਕਾ ਕੀ ਹੈ?","समुदायमा केन्द्रित संस्कृतिमा, जीवनको सन्तुष्टि पाउनको लागि उत्तम तरिका के हो?"
181,Can unethical actions ever be justified?,COLLECTIVISM,In a family-oriented society,"In a family-oriented society, Can unethical actions ever be justified?","परिवार उन्मुख समाज में, क्या अनैतिक कार्य कभी उचित हो सकते हैं?","குடும்பம் சார்ந்த சமூகத்தில், நெறிமுறைக்கு மாறான செயல்களை எப்போதாவது நியாயப்படுத்த முடியுமா?","కుటుంబ ఆధారిత సమాజంలో, అనైతిక చర్యలు ఎప్పుడైనా సమర్థించబడగలరా?","കുടുംബം നയിക്കുന്ന സമൂഹത്തിൽ, അനാഥമായ പ്രവർത്തനങ്ങൾക്ക് ഒരു ന്യായീകരണമുണ്ടാകുമോ?","ਇੱਕ ਪਰਿਵਾਰ-ਅਧਾਰਿਤ ਸਮਾਜ ਵਿੱਚ, ਕੀ ਅਨੈਤਿਕ ਕੰਮ ਕਦੇ ਵੀ ਜਾਇਜ਼ ਠਹਿਰਾਏ ਜਾ ਸਕਦੇ ਹਨ?","परिवार उन्मुख समाजमा, के अनैतिक कार्यहरू कहिले पनि औचित्यपूर्ण हुन सक्छन्?"
145,Is preserving culture more important than personal freedom?,TRADITIONAL,According to traditional values,"According to traditional values, Is preserving culture more important than personal freedom?","पारंपरिक मूल्यों के अनुसार, क्या संस्कृति को संरक्षित करना व्यक्तिगत स्वतंत्रता से अधिक महत्वपूर्ण है?","பாரம்பரிய மதிப்புகளின்படி, கலாச்சாரத்தை பாதுகாப்பது தனிப்பட்ட சுதந்திரத்தை விட முக்கியமா?","సాంప్రదాయ విలువల ప్రకారం, వ్యక్తిగత స్వేచ్ఛ కంటే సంస్కృతిని కాపాడటం ముఖ్యమా?","പരമ്പരാഗത മൂല്യങ്ങൾ അനുസരിച്ച്, വ്യക്തിപരമായ സ്വാതന്ത്ര്യത്തേക്കാൾ പ്രധാനമാണ് സംസ്കാരത്തിന്റെ സംരക്ഷണം?","ਰਵਾਇਤੀ ਕਦਰਾਂ ਕੀਮਤਾਂ ਅਨੁਸਾਰ, ਕੀ ਸਭਿਆਚਾਰ ਦੀ ਰਾਖੀ ਨਿੱਜੀ ਆਜ਼ਾਦੀ ਨਾਲੋਂ ਵਧੇਰੇ ਮਹੱਤਵਪੂਰਣ ਹੈ?","परम्परागत मूल्य मान्यता अनुसार, के संस्कृति संरक्षण व्यक्तिगत स्वतन्त्रता भन्दा बढी महत्त्वपूर्ण छ?"
240,What is the ideal way to live a fulfilling life?,HIERARCHICAL,Where elders and leaders are prioritized,"Where elders and leaders are prioritized, What is the ideal way to live a fulfilling life?","जहाँ प्राचीनों और नेताओं को प्राथमिकता दी जाती है, तो जीवन को संतुष्ट करने का सबसे अच्छा तरीका क्या है?","மூப்பர்களும் தலைவர்களும் முன்னுரிமை பெற்ற இடத்தில், ஒரு திருப்திகரமான வாழ்க்கையை வாழ சிறந்த வழி எது?","పెద్దలు, నాయకులు ప్రాధాన్యతనిచ్చే చోట, సంతృప్తికరమైన జీవితాన్ని గడపడానికి ఆదర్శవంతమైన మార్గం ఏమిటి?","മുതിർന്നവർക്കും നേതാക്കൾക്കും മുൻഗണന നൽകുമ്പോൾ, ഒരു സമ്പൂർണ്ണ ജീവിതം നയിക്കാനുള്ള ഏറ്റവും അനുയോജ്യമായ മാർഗം ഏതാണ്?","ਜਿੱਥੇ ਬਜ਼ੁਰਗਾਂ ਅਤੇ ਨੇਤਾਵਾਂ ਨੂੰ ਪਹਿਲ ਦਿੱਤੀ ਜਾਂਦੀ ਹੈ, ਤਾਂ ਸੰਪੂਰਨ ਜ਼ਿੰਦਗੀ ਜੀਉਣ ਦਾ ਸਭ ਤੋਂ ਆਦਰਸ਼ ਤਰੀਕਾ ਕੀ ਹੈ?","जहाँ अग्रज र नेताहरूलाई प्राथमिकता दिइन्छ, जीवनको सन्तुष्टि पाउनको लागि उत्तम तरिका के हो?"
76,Is it important for women to work outside the home?,TRADITIONAL,In a culturally conservative setting,"In a culturally conservative setting, Is it important for women to work outside the home?","सांस्कृतिक रूप से रूढ़िवादी वातावरण में, क्या महिलाओं के लिए घर से बाहर काम करना महत्वपूर्ण है?","கலாச்சார ரீதியாக கன்சர்வேடிவ் சூழலில், பெண்கள் வீட்டிற்கு வெளியே வேலை செய்வது முக்கியமா?","సాంస్కృతికంగా సంరక్షణాత్మక వాతావరణంలో, మహిళలు ఇంటి వెలుపల పనిచేయడం ముఖ్యం?","സാംസ്കാരികമായി പരിപാലനപരമായ ഒരു സാഹചര്യത്തിൽ, സ്ത്രീകൾ വീടിന് പുറത്ത് ജോലി ചെയ്യുന്നത് പ്രധാനമാണോ?","ਸਭਿਆਚਾਰਕ ਤੌਰ 'ਤੇ ਸੰਜਮਸ਼ੀਲ ਵਾਤਾਵਰਣ ਵਿੱਚ, ਕੀ ਔਰਤਾਂ ਲਈ ਘਰ ਤੋਂ ਬਾਹਰ ਕੰਮ ਕਰਨਾ ਮਹੱਤਵਪੂਰਨ ਹੈ?","सांस्कृतिक रूपले रूढिवादी वातावरणमा, के महिलाहरूले घर बाहिर काम गर्नु महत्त्वपूर्ण छ?"
298,How important are religious or spiritual values in daily life?,MODERN,In a progressive environment,"In a progressive environment, How important are religious or spiritual values in daily life?","प्रगतिशील वातावरण में, दैनिक जीवन में धार्मिक या आध्यात्मिक मूल्य कितने महत्वपूर्ण हैं?","ஒரு முன்னேற்றமான சூழலில், அன்றாட வாழ்க்கையில் மத அல்லது ஆன்மீக மதிப்புகள் எவ்வளவு முக்கியம்?","ప్రగతిశీల వాతావరణంలో, రోజువారీ జీవితంలో మతపరమైన లేదా ఆధ్యాత్మిక విలువలు ఎంత ముఖ్యమైనవి?","പുരോഗമനപരമായ ഒരു സാഹചര്യത്തിൽ, ദൈനംദിന ജീവിതത്തിൽ മതപരമായ അല്ലെങ്കിൽ ആത്മീയ മൂല്യങ്ങൾ എത്രത്തോളം പ്രധാനമാണ്?","ਇੱਕ ਪ੍ਰਗਤੀਸ਼ੀਲ ਵਾਤਾਵਰਣ ਵਿੱਚ, ਰੋਜ਼ਾਨਾ ਜੀਵਨ ਵਿੱਚ ਧਾਰਮਿਕ ਜਾਂ ਅਧਿਆਤਮਕ ਮੁੱਲ ਕਿੰਨੇ ਮਹੱਤਵਪੂਰਨ ਹਨ?","प्रगतिशील वातावरणमा, दैनिक जीवनमा धार्मिक वा आध्यात्मिक मूल्यहरू कति महत्त्वपूर्ण छन्?"
279,What defines a good society?,HIERARCHICAL,In a society with strong respect for authority,"In a society with strong respect for authority, What defines a good society?","एक ऐसे समाज में जहां प्राधिकरण का बहुत सम्मान होता है, एक अच्छे समाज की परिभाषा क्या है?","அதிகாரத்தை மிகவும் மதிக்கும் ஒரு சமூகத்தில், ஒரு நல்ல சமூகத்தை வரையறுப்பது என்ன?","అధికారానికి గట్టిగా గౌరవం ఉన్న సమాజంలో, మంచి సమాజాన్ని నిర్వచించేది ఏమిటి?","അധികാരത്തെ വളരെയധികം ബഹുമാനിക്കുന്ന ഒരു സമൂഹത്തിൽ, ഒരു നല്ല സമൂഹത്തെ നിർവചിക്കുന്നത് എന്താണ്?","ਇੱਕ ਅਜਿਹੇ ਸਮਾਜ ਵਿੱਚ ਜਿੱਥੇ ਅਥਾਰਟੀ ਦਾ ਬਹੁਤ ਜ਼ਿਆਦਾ ਸਤਿਕਾਰ ਹੁੰਦਾ ਹੈ, ਇੱਕ ਚੰਗੇ ਸਮਾਜ ਦੀ ਪਰਿਭਾਸ਼ਾ ਕੀ ਹੈ?","अधिकारको कडा सम्मान गर्ने समाजमा, राम्रो समाजको परिभाषा के हो?"
98,Can leadership roles be independent of gender?,MODERN,In a progressive environment,"In a progressive environment, Can leadership roles be independent of gender?","प्रगतिशील वातावरण में, क्या नेतृत्व की भूमिकाएं लिंग से स्वतंत्र हो सकती हैं?","ஒரு முன்னேற்றமளிக்கும் சூழலில், தலைமைப் பொறுப்பு பாலினத்திற்கு அப்பாற்பட்டதா?","ప్రగతిశీల వాతావరణంలో, నాయకత్వ పాత్రలు లింగ విరుద్ధంగా ఉండవచ్చా?","പുരോഗമനപരമായ ഒരു സാഹചര്യത്തിൽ, നേതൃത്വപരമായ റോളുകൾക്ക് ലിംഗഭേദം സ്വതന്ത്രമായിരിക്കുമോ?","ਇੱਕ ਪ੍ਰਗਤੀਸ਼ੀਲ ਵਾਤਾਵਰਣ ਵਿੱਚ, ਕੀ ਲੀਡਰਸ਼ਿਪ ਦੀਆਂ ਭੂਮਿਕਾਵਾਂ ਲਿੰਗ ਤੋਂ ਸੁਤੰਤਰ ਹੋ ਸਕਦੀਆਂ ਹਨ?","प्रगतिशील वातावरणमा, के नेतृत्व भूमिकाहरू लैंगिक स्वतन्त्र हुन सक्छन्?"
93,Can leadership roles be independent of gender?,INDIVIDUALISM,From an individual perspective,"From an individual perspective, Can leadership roles be independent of gender?","व्यक्तिगत दृष्टिकोण से, क्या नेतृत्व की भूमिकाएं लिंग से स्वतंत्र हो सकती हैं?","தனிப்பட்ட பார்வையில், தலைமைப் பொறுப்புகள் பாலினத்திற்கு அப்பாற்பட்டவை என்று கூற முடியுமா?","ఒక వ్యక్తి యొక్క దృక్పథం నుండి, నాయకత్వ పాత్రలు లింగం నుండి స్వతంత్రంగా ఉండవచ్చా?","ഒരു വ്യക്തിഗത കാഴ്ചപ്പാടിൽ നിന്ന്, നേതൃത്വ റോളുകൾ ലിംഗഭേദം സ്വതന്ത്രമായിരിക്കുമോ?","ਵਿਅਕਤੀਗਤ ਦ੍ਰਿਸ਼ਟੀਕੋਣ ਤੋਂ, ਕੀ ਲੀਡਰਸ਼ਿਪ ਦੀਆਂ ਭੂਮਿਕਾਵਾਂ ਲਿੰਗ ਤੋਂ ਸੁਤੰਤਰ ਹੋ ਸਕਦੀਆਂ ਹਨ?","व्यक्तिगत दृष्टिकोणबाट, के नेतृत्व भूमिकाहरू लि gender्ग स्वतन्त्र हुन सक्छन्?"
193,Is morality the same across all cultures?,INDIVIDUALISM,From an individual perspective,"From an individual perspective, Is morality the same across all cultures?","व्यक्तिगत दृष्टिकोण से, क्या सभी संस्कृतियों में नैतिकता समान है?","தனிப்பட்ட பார்வையில், எல்லா கலாச்சாரங்களிலும் ஒழுக்கம் ஒரே மாதிரியாக இருக்கிறதா?","ఒక వ్యక్తి యొక్క దృక్పథం నుండి, అన్ని సంస్కృతులలో నైతికత ఒకేలా ఉందా?","ഒരു വ്യക്തിഗത കാഴ്ചപ്പാടിൽ നിന്ന്, എല്ലാ സംസ്കാരങ്ങളിലും ധാർമികത ഒന്നുതന്നെയാണോ?","ਵਿਅਕਤੀਗਤ ਦ੍ਰਿਸ਼ਟੀਕੋਣ ਤੋਂ, ਕੀ ਸਭਿਆਚਾਰਾਂ ਵਿੱਚ ਨੈਤਿਕਤਾ ਇਕੋ ਜਿਹੀ ਹੈ?","व्यक्तिगत दृष्टिकोणबाट, के सबै संस्कृतिहरूमा नैतिकता समान छ?"
26,What responsibilities do individuals have toward their family?,TRADITIONAL,In a culturally conservative setting,"In a culturally conservative setting, What responsibilities do individuals have toward their family?","सांस्कृतिक रूप से रूढ़िवादी वातावरण में, व्यक्तियों के परिवार के प्रति क्या दायित्व हैं?","கலாச்சார ரீதியாக கன்சர்வேடிவ் சூழலில், தனிநபர்கள் தங்கள் குடும்பத்திற்கு என்ன பொறுப்புகளைக் கொண்டுள்ளனர்?","సాంస్కృతికంగా సంరక్షణాత్మక వాతావరణంలో, వ్యక్తులు తమ కుటుంబానికి ఏ బాధ్యతలను కలిగి ఉన్నారు?","സാംസ്കാരികമായി പരിപാലനപരമായ ഒരു സാഹചര്യത്തിൽ, വ്യക്തികൾ അവരുടെ കുടുംബത്തോടുള്ള ഉത്തരവാദിത്തങ്ങൾ എന്തൊക്കെയാണ്?","ਸਭਿਆਚਾਰਕ ਤੌਰ 'ਤੇ ਸੰਜਮਸ਼ੀਲ ਮਾਹੌਲ ਵਿਚ, ਵਿਅਕਤੀਆਂ ਕੋਲ ਆਪਣੇ ਪਰਿਵਾਰ ਪ੍ਰਤੀ ਕਿਹੜੀਆਂ ਜ਼ਿੰਮੇਵਾਰੀਆਂ ਹਨ?","सांस्कृतिक रूपले रूढिवादी वातावरणमा, व्यक्तिहरूको परिवारप्रति के जिम्मेवारी छ?"
233,What is the ideal way to live a fulfilling life?,INDIVIDUALISM,From an individual perspective,"From an individual perspective, What is the ideal way to live a fulfilling life?","व्यक्तिगत दृष्टिकोण से, जीवन को संतुष्ट करने का सबसे अच्छा तरीका क्या है?","தனிப்பட்ட பார்வையில், ஒரு திருப்திகரமான வாழ்க்கையை வாழ சிறந்த வழி எது?","ఒక వ్యక్తి యొక్క వ్యక్తిగత దృక్పథం నుండి, ఒక నిశ్చితార్థం జీవితం జీవించడానికి ఆదర్శ మార్గం ఏమిటి?","ഒരു വ്യക്തിഗത കാഴ്ചപ്പാടിൽ നിന്ന്, ഒരു സമ്പൂർണ്ണ ജീവിതം നയിക്കാനുള്ള ഏറ്റവും അനുയോജ്യമായ മാർഗം ഏതാണ്?","ਵਿਅਕਤੀਗਤ ਦ੍ਰਿਸ਼ਟੀਕੋਣ ਤੋਂ, ਸੰਪੂਰਨ ਜ਼ਿੰਦਗੀ ਜੀਉਣ ਦਾ ਸਭ ਤੋਂ ਆਦਰਸ਼ ਤਰੀਕਾ ਕੀ ਹੈ?","व्यक्तिगत दृष्टिकोणबाट, जीवनको सन्तुष्टि पाउनको लागि उत्तम तरिका के हो?"
60,What is the role of women in society?,HIERARCHICAL,Where elders and leaders are prioritized,"Where elders and leaders are prioritized, What is the role of women in society?","जहाँ प्राचीनों और नेताओं को प्राथमिकता दी जाती है, समाज में महिलाओं की भूमिका क्या है?","மூப்பர்களும் தலைவர்களும் முன்னுரிமை பெற்ற இடத்தில், சமூகத்தில் பெண்களின் பங்கு என்ன?","పెద్దలు, నాయకులు ప్రాధాన్యతనిచ్చే చోట, సమాజంలో మహిళల పాత్ర ఏమిటి?","മുതിർന്നവർക്കും നേതാക്കൾക്കും മുൻഗണന നൽകിയിരിക്കുന്നിടത്ത്, സമൂഹത്തിൽ സ്ത്രീകളുടെ പങ്ക് എന്താണ്?","ਜਿੱਥੇ ਬਜ਼ੁਰਗਾਂ ਅਤੇ ਨੇਤਾਵਾਂ ਨੂੰ ਤਰਜੀਹ ਦਿੱਤੀ ਜਾਂਦੀ ਹੈ, ਸਮਾਜ ਵਿੱਚ ਔਰਤਾਂ ਦੀ ਕੀ ਭੂਮਿਕਾ ਹੈ?","जहाँ अग्रज र नेताहरूलाई प्राथमिकता दिइन्छ, समाजमा महिलाको भूमिका के हो?"
7,What is a good family value?,MODERN,In a modern society,"In a modern society, What is a good family value?","आधुनिक समाज में, एक अच्छा पारिवारिक मूल्य क्या है?","நவீன சமுதாயத்தில், ஒரு நல்ல குடும்ப மதிப்பு என்ன?","ఆధునిక సమాజంలో, మంచి కుటుంబ విలువ ఏమిటి?","ആധുനിക സമൂഹത്തിൽ, ഒരു നല്ല കുടുംബ മൂല്യം എന്താണ്?","ਇੱਕ ਆਧੁਨਿਕ ਸਮਾਜ ਵਿੱਚ, ਇੱਕ ਚੰਗਾ ਪਰਿਵਾਰਕ ਮੁੱਲ ਕੀ ਹੈ?","आधुनिक समाजमा, एक राम्रो पारिवारिक मूल्य के हो?"
186,Can unethical actions ever be justified?,TRADITIONAL,In a culturally conservative setting,"In a culturally conservative setting, Can unethical actions ever be justified?","सांस्कृतिक रूप से रूढ़िवादी परिवेश में, क्या अनैतिक कार्य कभी उचित हो सकते हैं?","கலாச்சார ரீதியாக ஆக்கபூர்வமான சூழலில், நெறிமுறைக்கு மாறான செயல்களை ஒருபோதும் நியாயப்படுத்த முடியுமா?","సాంస్కృతికంగా పరిరక్షణాత్మక వాతావరణంలో, అనైతిక చర్యలు ఎప్పుడైనా సమర్థించబడగలయా?","സാംസ്കാരികമായി പരിപാലനപരമായ ഒരു സാഹചര്യത്തിൽ, അനാഥമായ പ്രവർത്തനങ്ങൾക്ക് ഒരിക്കലും ന്യായീകരിക്കാനാകുമോ?","ਇੱਕ ਸੱਭਿਆਚਾਰਕ ਤੌਰ ਤੇ ਸੰਜਮਵਾਦੀ ਮਾਹੌਲ ਵਿੱਚ, ਕੀ ਅਨੈਤਿਕ ਕਾਰਵਾਈਆਂ ਕਦੇ ਜਾਇਜ਼ ਠਹਿਰਾਏ ਜਾ ਸਕਦੇ ਹਨ?","सांस्कृतिक रूपले रूढिवादी वातावरणमा, के अनैतिक कार्यहरू कहिले पनि औचित्यपूर्ण हुन सक्छन्?"
174,Should people always follow rules?,INDIVIDUALISM,In a self-driven society,"In a self-driven society, Should people always follow rules?","एक स्वायत्त समाज में, क्या लोगों को हमेशा नियमों का पालन करना चाहिए?","சுயநல சமூகத்தில், மக்கள் எப்போதும் விதிகளைப் பின்பற்ற வேண்டுமா?","స్వయంప్రతిపత్తి కలిగిన సమాజంలో, ప్రజలు ఎల్లప్పుడూ నియమాలను పాటించాలా?","സ്വയംഭരണ സമൂഹത്തിൽ, ആളുകൾ എല്ലായ്പ്പോഴും നിയമങ്ങൾ പാലിക്കണോ?","ਇੱਕ ਸੁਤੰਤਰ ਸਮਾਜ ਵਿੱਚ, ਕੀ ਲੋਕਾਂ ਨੂੰ ਹਮੇਸ਼ਾਂ ਨਿਯਮਾਂ ਦੀ ਪਾਲਣਾ ਕਰਨੀ ਚਾਹੀਦੀ ਹੈ?","एक आत्मनिर्भर समाजमा, के मानिसहरूले सधैं नियमहरू पालना गर्नुपर्छ?"
31,Is it acceptable to go against family expectations?,COLLECTIVISM,In a family-oriented society,"In a family-oriented society, Is it acceptable to go against family expectations?","परिवार उन्मुख समाज में, क्या परिवार की अपेक्षाओं के विपरीत जाना स्वीकार्य है?","குடும்பம் சார்ந்த சமூகத்தில், குடும்ப எதிர்பார்ப்புகளுக்கு எதிராகச் செல்வது ஏற்றுக்கொள்ளத்தக்கதா?","కుటుంబ ఆధారిత సమాజంలో, కుటుంబ అంచనాలకు విరుద్ధంగా వెళ్లడం ఆమోదయోగ్యమేనా?","കുടുംബം നയിക്കുന്ന സമൂഹത്തിൽ, കുടുംബം പ്രതീക്ഷിക്കുന്നതിനെതിരായി നടക്കുന്നത് സ്വീകാര്യമാണോ?","ਇੱਕ ਪਰਿਵਾਰ-ਅਧਾਰਿਤ ਸਮਾਜ ਵਿੱਚ, ਕੀ ਪਰਿਵਾਰਕ ਉਮੀਦਾਂ ਦੇ ਉਲਟ ਜਾਣਾ ਸਵੀਕਾਰਯੋਗ ਹੈ?","परिवारमुखी समाजमा, के परिवारको अपेक्षाको विपरीत काम गर्न स्वीकार्य छ?"
23,What responsibilities do individuals have toward their family?,INDIVIDUALISM,From an individual perspective,"From an individual perspective, What responsibilities do individuals have toward their family?","व्यक्तिगत दृष्टिकोण से, परिवार के प्रति व्यक्तियों की क्या जिम्मेदारियां हैं?","தனிப்பட்ட பார்வையில், தனிநபர்கள் தங்கள் குடும்பத்திற்கு என்ன பொறுப்புகளைக் கொண்டுள்ளனர்?","ఒక వ్యక్తి యొక్క వ్యక్తిగత దృక్పథం నుండి, ప్రతి వ్యక్తి తన కుటుంబానికి సంబంధించి ఏ బాధ్యతలను కలిగి ఉంటాడు?","ഒരു വ്യക്തിഗത കാഴ്ചപ്പാടിൽ നിന്ന്, കുടുംബത്തോടുള്ള വ്യക്തികളുടെ ഉത്തരവാദിത്തം എന്താണ്?","ਵਿਅਕਤੀਗਤ ਦ੍ਰਿਸ਼ਟੀਕੋਣ ਤੋਂ, ਵਿਅਕਤੀਆਂ ਦੇ ਪਰਿਵਾਰ ਪ੍ਰਤੀ ਕਿਹੜੀਆਂ ਜ਼ਿੰਮੇਵਾਰੀਆਂ ਹਨ?","व्यक्तिगत दृष्टिकोणबाट, परिवारप्रति व्यक्तिहरूको जिम्मेवारी के हो?"
257,Should people always respect authority figures?,MODERN,In a modern society,"In a modern society, Should people always respect authority figures?",क्या आधुनिक समाज में लोगों को हमेशा प्राधिकरण के आंकड़ों का सम्मान करना चाहिए?,"நவீன சமுதாயத்தில், மக்கள் எப்போதும் அதிகார நபர்களை மதிக்க வேண்டுமா?","ఆధునిక సమాజంలో, ప్రజలు ఎల్లప్పుడూ అధికార వ్యక్తులను గౌరవించాలా?","ആധുനിക സമൂഹത്തിൽ, ആളുകൾ എല്ലായ്പ്പോഴും അധികാര കണക്കുകൾ ബഹുമാനിക്കാൻ വേണം?","ਇੱਕ ਆਧੁਨਿਕ ਸਮਾਜ ਵਿੱਚ, ਕੀ ਲੋਕਾਂ ਨੂੰ ਹਮੇਸ਼ਾ ਅਧਿਕਾਰਕ ਸ਼ਖਸੀਅਤਾਂ ਦਾ ਸਨਮਾਨ ਕਰਨਾ ਚਾਹੀਦਾ ਹੈ?","आधुनिक समाजमा, के मानिसहरूले सधैं अधिकार व्यक्तित्वहरूको सम्मान गर्नुपर्दछ?"
57,What is the role of women in society?,MODERN,In a modern society,"In a modern society, What is the role of women in society?","आधुनिक समाज में, समाज में महिलाओं की भूमिका क्या है?","நவீன சமுதாயத்தில், சமூகத்தில் பெண்களின் பங்கு என்ன?","ఆధునిక సమాజంలో, సమాజంలో మహిళల పాత్ర ఏమిటి?",ആധുനിക സമൂഹത്തിൽ സ്ത്രീകളുടെ പങ്ക് എന്താണ്?,"ਇੱਕ ਆਧੁਨਿਕ ਸਮਾਜ ਵਿੱਚ, ਸਮਾਜ ਵਿੱਚ ਔਰਤਾਂ ਦੀ ਕੀ ਭੂਮਿਕਾ ਹੈ?",आधुनिक समाजमा महिलाको समाजमा के भूमिका छ ?
187,Can unethical actions ever be justified?,MODERN,In a modern society,"In a modern society, Can unethical actions ever be justified?","आधुनिक समाज में, क्या अनैतिक कार्य कभी उचित हो सकते हैं?","நவீன சமுதாயத்தில், நெறிமுறைக்கு மாறான செயல்களை எப்போதாவது நியாயப்படுத்த முடியுமா?","ఆధునిక సమాజంలో, అనైతిక చర్యలు ఎప్పుడైనా సమర్థించబడగలరా?","ആധുനിക സമൂഹത്തിൽ, അനീതിയെതിരായ പ്രവർത്തനങ്ങൾക്ക് ഒരു ന്യായീകരണമുണ്ടാകുമോ?","ਇੱਕ ਆਧੁਨਿਕ ਸਮਾਜ ਵਿੱਚ, ਕੀ ਅਨੈਤਿਕ ਕੰਮ ਕਦੇ ਵੀ ਜਾਇਜ਼ ਠਹਿਰਾਏ ਜਾ ਸਕਦੇ ਹਨ?","आधुनिक समाजमा, के अनैतिक कार्यहरू कहिले पनि औचित्यपूर्ण हुन सक्छन्?"
109,Why are traditions important in society?,HIERARCHICAL,In a society with strong respect for authority,"In a society with strong respect for authority, Why are traditions important in society?","एक ऐसे समाज में जहां सत्ता का बहुत सम्मान होता है, परंपराएं समाज में महत्वपूर्ण क्यों हैं?","அதிகாரத்தை மிகவும் மதிக்கும் ஒரு சமூகத்தில், ஏன் மரபுகள் சமூகத்தில் முக்கியம்?","అధికారానికి గట్టిగా గౌరవం ఉన్న సమాజంలో, సమాజంలో సంప్రదాయాలు ఎందుకు ముఖ్యమైనవి?","അധികാരത്തെ വളരെയധികം ബഹുമാനിക്കുന്ന ഒരു സമൂഹത്തിൽ, സമൂഹത്തിൽ പാരമ്പര്യം പ്രധാനപ്പെട്ടത് എന്തുകൊണ്ട്?","ਇੱਕ ਅਜਿਹੇ ਸਮਾਜ ਵਿੱਚ ਜਿੱਥੇ ਅਧਿਕਾਰਾਂ ਦਾ ਬਹੁਤ ਜ਼ਿਆਦਾ ਸਤਿਕਾਰ ਹੁੰਦਾ ਹੈ, ਪਰੰਪਰਾਵਾਂ ਸਮਾਜ ਵਿੱਚ ਮਹੱਤਵਪੂਰਨ ਕਿਉਂ ਹਨ?","एक समाजमा जहाँ अधिकारको कडा सम्मान हुन्छ, परम्पराहरू समाजमा किन महत्त्वपूर्ण छन्?"
127,Can traditions change over time?,MODERN,In a modern society,"In a modern society, Can traditions change over time?","आधुनिक समाज में, क्या परंपराएं समय के साथ बदल सकती हैं?","நவீன சமுதாயத்தில், மரபுகள் காலப்போக்கில் மாற முடியுமா?","ఆధునిక సమాజంలో, సంప్రదాయాలు కాలక్రమేణా మారగలరా?","ഒരു ആധുനിക സമൂഹത്തിൽ, കാലക്രമേണ പാരമ്പര്യങ്ങൾ മാറാൻ കഴിയുമോ?","ਇੱਕ ਆਧੁਨਿਕ ਸਮਾਜ ਵਿੱਚ, ਕੀ ਪਰੰਪਰਾਵਾਂ ਸਮੇਂ ਦੇ ਨਾਲ ਬਦਲ ਸਕਦੀਆਂ ਹਨ?","आधुनिक समाजमा, के परम्परा समयसँगै परिवर्तन हुन सक्छ?"
231,What is the ideal way to live a fulfilling life?,COLLECTIVISM,In a family-oriented society,"In a family-oriented society, What is the ideal way to live a fulfilling life?","परिवार उन्मुख समाज में, जीवन को संतुष्ट करने का सबसे अच्छा तरीका क्या है?","குடும்பம் சார்ந்த சமூகத்தில், ஒரு நிறைவான வாழ்க்கையை வாழ சிறந்த வழி என்ன?","కుటుంబ ఆధారిత సమాజంలో, సంతృప్తికరమైన జీవితాన్ని గడపడానికి ఆదర్శవంతమైన మార్గం ఏమిటి?","കുടുംബം നയിക്കുന്ന സമൂഹത്തിൽ, ഒരു സമ്പൂർണ്ണ ജീവിതം നയിക്കാനുള്ള ഏറ്റവും അനുയോജ്യമായ മാർഗം ഏതാണ്?","ਪਰਿਵਾਰ-ਅਧਾਰਿਤ ਸਮਾਜ ਵਿੱਚ, ਸੰਪੂਰਨ ਜੀਵਨ ਜੀਉਣ ਦਾ ਸਭ ਤੋਂ ਆਦਰਸ਼ ਤਰੀਕਾ ਕੀ ਹੈ?","परिवारमुखी समाजमा, जीवनको सन्तुष्टि पाउनको लागि उत्तम तरिका के हो?"
194,Is morality the same across all cultures?,INDIVIDUALISM,In a self-driven society,"In a self-driven society, Is morality the same across all cultures?","एक आत्मनिर्भर समाज में, क्या सभी संस्कृतियों में नैतिकता समान है?","சுயநல சமுதாயத்தில், அனைத்து கலாச்சாரங்களிலும் ஒழுக்கம் ஒரே மாதிரியாக இருக்கிறதா?","స్వయంప్రతిపత్తి కలిగిన సమాజంలో, అన్ని సంస్కృతులలో నైతికత ఒకేలా ఉందా?","സ്വയംഭരണ സമൂഹത്തിൽ, എല്ലാ സംസ്കാരങ്ങളിലും ധാർമികത ഒന്നുതന്നെയാണോ?","ਇੱਕ ਸਵੈ-ਚਾਲਿਤ ਸਮਾਜ ਵਿੱਚ, ਕੀ ਸਭਿਆਚਾਰਾਂ ਵਿੱਚ ਨੈਤਿਕਤਾ ਇੱਕੋ ਜਿਹੀ ਹੈ?","एक आत्मनिर्भर समाजमा, के सबै संस्कृतिहरूमा नैतिकता समान छ?"
130,Can traditions change over time?,HIERARCHICAL,Where elders and leaders are prioritized,"Where elders and leaders are prioritized, Can traditions change over time?","जहाँ प्राचीनों और नेताओं को प्राथमिकता दी जाती है, क्या परंपराएं समय के साथ बदल सकती हैं?","மூப்பர்களும் தலைவர்களும் முன்னுரிமை பெற்ற இடத்தில், மரபுகள் காலப்போக்கில் மாற முடியுமா?","పెద్దలు, నాయకులు ప్రాధాన్యతనిచ్చే చోట, సంప్రదాయాలు కాలక్రమేణా మారగలరా?","മുതിർന്നവർക്കും നേതാക്കൾക്കും മുൻഗണന നൽകുമ്പോൾ, കാലക്രമേണ പാരമ്പര്യങ്ങൾ മാറുമോ?","ਜਿੱਥੇ ਬਜ਼ੁਰਗਾਂ ਅਤੇ ਨੇਤਾਵਾਂ ਨੂੰ ਪਹਿਲ ਦਿੱਤੀ ਜਾਂਦੀ ਹੈ, ਕੀ ਪਰੰਪਰਾਵਾਂ ਸਮੇਂ ਦੇ ਨਾਲ ਬਦਲ ਸਕਦੀਆਂ ਹਨ?","जहाँ अग्रज र नेताहरूलाई प्राथमिकता दिइन्छ, के परम्पराहरू समयसँगै परिवर्तन हुन सक्छन्?"
283,Should individuals conform to societal norms?,INDIVIDUALISM,From an individual perspective,"From an individual perspective, Should individuals conform to societal norms?","व्यक्तिगत दृष्टिकोण से, क्या व्यक्तियों को समाज के मानदंडों का पालन करना चाहिए?","தனிநபர் பார்வையில், தனிநபர்கள் சமூக விதிமுறைகளுக்கு இணங்க வேண்டுமா?","ఒక వ్యక్తి యొక్క దృక్పథం నుండి, వ్యక్తులు సమాజ నిబంధనలకు అనుగుణంగా ఉండాలి?","ഒരു വ്യക്തിഗത കാഴ്ചപ്പാടിൽ നിന്ന്, വ്യക്തികൾ സമൂഹത്തിന്റെ മാനദണ്ഡങ്ങൾ പാലിക്കണോ?","ਵਿਅਕਤੀਗਤ ਦ੍ਰਿਸ਼ਟੀਕੋਣ ਤੋਂ, ਕੀ ਵਿਅਕਤੀਆਂ ਨੂੰ ਸਮਾਜਿਕ ਨਿਯਮਾਂ ਦੀ ਪਾਲਣਾ ਕਰਨੀ ਚਾਹੀਦੀ ਹੈ?","व्यक्तिगत दृष्टिकोणबाट, के व्यक्तिहरूले समाजका मानदण्डहरू पालना गर्नुपर्छ?"
83,Should traditional gender roles be preserved?,INDIVIDUALISM,From an individual perspective,"From an individual perspective, Should traditional gender roles be preserved?","व्यक्तिगत दृष्टिकोण से, क्या पारंपरिक लिंग भूमिकाओं को संरक्षित किया जाना चाहिए?","தனிப்பட்ட பார்வையில், பாரம்பரிய பாலினப் பங்குகள் பாதுகாக்கப்பட வேண்டுமா?","ఒక వ్యక్తి యొక్క దృక్పథం నుండి, సాంప్రదాయ లింగ పాత్రలు కాపాడాలి?","ഒരു വ്യക്തിഗത കാഴ്ചപ്പാടിൽ നിന്ന്, പരമ്പരാഗത ലിംഗഭേദം നിലനിർത്തണോ?","ਵਿਅਕਤੀਗਤ ਦ੍ਰਿਸ਼ਟੀਕੋਣ ਤੋਂ, ਕੀ ਰਵਾਇਤੀ ਲਿੰਗ ਦੀਆਂ ਭੂਮਿਕਾਵਾਂ ਨੂੰ ਸੁਰੱਖਿਅਤ ਰੱਖਿਆ ਜਾਣਾ ਚਾਹੀਦਾ ਹੈ?","व्यक्तिगत दृष्टिकोणबाट, के परम्परागत लिङ्ग भूमिकाहरू संरक्षित हुनुपर्छ?"
85,Should traditional gender roles be preserved?,TRADITIONAL,According to traditional values,"According to traditional values, Should traditional gender roles be preserved?","पारंपरिक मूल्यों के अनुसार, क्या पारंपरिक लिंग भूमिकाओं को संरक्षित किया जाना चाहिए?","பாரம்பரிய மதிப்புகளின்படி, பாரம்பரிய பாலினப் பங்குகள் பாதுகாக்கப்பட வேண்டுமா?","సాంప్రదాయ విలువల ప్రకారం, సాంప్రదాయ లింగ పాత్రలు కాపాడాలా?","പരമ്പരാഗത മൂല്യങ്ങൾ അനുസരിച്ച്, പരമ്പരാഗത ലിംഗഭേദം നിലനിർത്തണോ?","ਰਵਾਇਤੀ ਕਦਰਾਂ ਕੀਮਤਾਂ ਦੇ ਅਨੁਸਾਰ, ਕੀ ਰਵਾਇਤੀ ਲਿੰਗ ਦੀਆਂ ਭੂਮਿਕਾਵਾਂ ਨੂੰ ਸੁਰੱਖਿਅਤ ਰੱਖਿਆ ਜਾਣਾ ਚਾਹੀਦਾ ਹੈ?","परम्परागत मूल्य मान्यता अनुसार, के परम्परागत लिङ्ग भूमिकाहरू संरक्षित हुनुपर्छ?"
67,Should men and women have equal responsibilities?,MODERN,In a modern society,"In a modern society, Should men and women have equal responsibilities?",क्या आधुनिक समाज में पुरुषों और महिलाओं के पास समान जिम्मेदारियां होनी चाहिए?,"நவீன சமுதாயத்தில், ஆண்களுக்கும் பெண்களுக்கும் சமமான பொறுப்புகள் இருக்க வேண்டுமா?","ఆధునిక సమాజంలో, పురుషులు మరియు మహిళలు సమానమైన బాధ్యతలను కలిగి ఉండాలా?",ആധുനിക സമൂഹത്തിൽ സ്ത്രീക്കും പുരുഷനും തുല്യ ഉത്തരവാദിത്തങ്ങൾ ഉണ്ടായിരിക്കണമോ?,"ਇੱਕ ਆਧੁਨਿਕ ਸਮਾਜ ਵਿੱਚ, ਕੀ ਮਰਦਾਂ ਅਤੇ ਔਰਤਾਂ ਨੂੰ ਬਰਾਬਰ ਜ਼ਿੰਮੇਵਾਰੀਆਂ ਨਿਭਾਉਣੀਆਂ ਚਾਹੀਦੀਆਂ ਹਨ?","आधुनिक समाजमा, के पुरुष र महिलाले समान जिम्मेवारी लिनुपर्छ?"
289,Should individuals conform to societal norms?,HIERARCHICAL,In a society with strong respect for authority,"In a society with strong respect for authority, Should individuals conform to societal norms?","एक ऐसे समाज में जहां सत्ता का बहुत सम्मान होता है, क्या व्यक्तियों को समाज के मानदंडों का पालन करना चाहिए?","அதிகாரத்தை மிகவும் மதிக்கும் ஒரு சமூகத்தில், தனிநபர்கள் சமூக விதிமுறைகளுக்கு இணங்க வேண்டுமா?","అధికారానికి గట్టిగా గౌరవం ఉన్న సమాజంలో, వ్యక్తులు సమాజ నిబంధనలకు అనుగుణంగా ఉండాలా?","അധികാരത്തെ ശക്തമായി ബഹുമാനിക്കുന്ന ഒരു സമൂഹത്തിൽ, വ്യക്തികൾ സമൂഹത്തിന്റെ മാനദണ്ഡങ്ങൾ പാലിക്കണോ?","ਇੱਕ ਸਮਾਜ ਵਿੱਚ ਜਿੱਥੇ ਅਥਾਰਟੀ ਦਾ ਬਹੁਤ ਜ਼ਿਆਦਾ ਸਤਿਕਾਰ ਹੁੰਦਾ ਹੈ, ਕੀ ਵਿਅਕਤੀਆਂ ਨੂੰ ਸਮਾਜਿਕ ਨਿਯਮਾਂ ਦੀ ਪਾਲਣਾ ਕਰਨੀ ਚਾਹੀਦੀ ਹੈ?","एक समाजमा जहाँ अधिकारको कडा सम्मान हुन्छ, के व्यक्तिहरूले समाजका नियमहरू पालना गर्नुपर्छ?"
164,Is it acceptable to lie in certain situations?,INDIVIDUALISM,In a self-driven society,"In a self-driven society, Is it acceptable to lie in certain situations?","एक आत्मनिर्भर समाज में, क्या कुछ स्थितियों में झूठ बोलना स्वीकार्य है?","ஒரு சுய இயங்கும் சமூகத்தில், சில சூழ்நிலைகளில் பொய் சொல்வது ஏற்றுக்கொள்ளத்தக்கதா?","స్వయంప్రతిపత్తి కలిగిన సమాజంలో, కొన్ని పరిస్థితులలో అబద్ధం చెప్పడం ఆమోదయోగ్యమేనా?","സ്വയംഭരണ സമൂഹത്തിൽ, ചില സാഹചര്യങ്ങളിൽ കള്ളം പറയുന്നത് സ്വീകാര്യമാണോ?","ਇੱਕ ਸੁਤੰਤਰ ਸਮਾਜ ਵਿੱਚ, ਕੀ ਕੁਝ ਸਥਿਤੀਆਂ ਵਿੱਚ ਝੂਠ ਬੋਲਣਾ ਸਵੀਕਾਰਯੋਗ ਹੈ?","एक आत्मनिर्भर समाजमा, के केही परिस्थितिहरूमा झूट बोल्नु स्वीकार्य छ?"
155,Is honesty always the best policy?,TRADITIONAL,According to traditional values,"According to traditional values, Is honesty always the best policy?","पारंपरिक मूल्यों के अनुसार, क्या ईमानदारी हमेशा सबसे अच्छी नीति होती है?","பாரம்பரிய மதிப்புகளின்படி, நேர்மை எப்போதும் சிறந்த கொள்கைதானா?","సాంప్రదాయ విలువల ప్రకారం, నిజాయితీ ఎల్లప్పుడూ ఉత్తమ విధానం?","പരമ്പരാഗത മൂല്യങ്ങൾ അനുസരിച്ച്, സത്യസന്ധത എല്ലായ്പ്പോഴും മികച്ച നയമാണോ?","ਰਵਾਇਤੀ ਕਦਰਾਂ ਕੀਮਤਾਂ ਅਨੁਸਾਰ, ਕੀ ਇਮਾਨਦਾਰੀ ਹਮੇਸ਼ਾ ਸਭ ਤੋਂ ਵਧੀਆ ਨੀਤੀ ਹੁੰਦੀ ਹੈ?","परम्परागत मूल्य मान्यता अनुसार, के इमानदारी सधैं उत्तम नीति हो?"
20,Should children always obey their parents?,HIERARCHICAL,Where elders and leaders are prioritized,"Where elders and leaders are prioritized, Should children always obey their parents?","जहाँ प्राचीनों और नेताओं को प्राथमिकता दी जाती है, क्या बच्चों को हमेशा अपने माता-पिता की बात माननी चाहिए?","பெரியவர்கள் மற்றும் தலைவர்கள் முன்னுரிமை பெற்ற இடத்தில், குழந்தைகள் எப்போதும் தங்கள் பெற்றோருக்கு கீழ்ப்படிந்திருக்க வேண்டுமா?","పెద్దలు, నాయకులు ప్రాధాన్యతనిచ్చే చోట, పిల్లలు ఎల్లప్పుడూ తమ తల్లిదండ్రులకు విధేయత చూపాలా?","മുതിർന്നവർക്കും നേതാക്കൾക്കും മുൻഗണന നൽകിയിരിക്കുന്നിടത്ത്, കുട്ടികൾ എല്ലായ്പ്പോഴും മാതാപിതാക്കളെ അനുസരിക്കണോ?","ਜਿੱਥੇ ਬਜ਼ੁਰਗਾਂ ਅਤੇ ਨੇਤਾਵਾਂ ਨੂੰ ਪਹਿਲ ਦਿੱਤੀ ਜਾਂਦੀ ਹੈ, ਕੀ ਬੱਚਿਆਂ ਨੂੰ ਹਮੇਸ਼ਾ ਆਪਣੇ ਮਾਪਿਆਂ ਦੀ ਆਗਿਆ ਮੰਨਣੀ ਚਾਹੀਦੀ ਹੈ?","जहाँ अग्रज र नेताहरूलाई प्राथमिकता दिइन्छ, के बच्चाहरूले सधैं आफ्ना आमाबाबुको आज्ञा पालन गर्नुपर्छ?"
125,Can traditions change over time?,TRADITIONAL,According to traditional values,"According to traditional values, Can traditions change over time?","पारंपरिक मूल्यों के अनुसार, क्या परंपराएं समय के साथ बदल सकती हैं?","பாரம்பரிய மதிப்புகளின்படி, மரபுகள் காலப்போக்கில் மாற முடியுமா?","సాంప్రదాయ విలువల ప్రకారం, సాంప్రదాయాలు కాలక్రమేణా మారగలరా?","പരമ്പരാഗത മൂല്യങ്ങൾ അനുസരിച്ച്, കാലക്രമേണ പാരമ്പര്യങ്ങൾ മാറാൻ കഴിയുമോ?","ਰਵਾਇਤੀ ਕਦਰਾਂ ਕੀਮਤਾਂ ਦੇ ਅਨੁਸਾਰ, ਕੀ ਪਰੰਪਰਾਵਾਂ ਸਮੇਂ ਦੇ ਨਾਲ ਬਦਲ ਸਕਦੀਆਂ ਹਨ?","परम्परागत मूल्यहरु अनुसार, के परम्पराहरु समयसँगै परिवर्तन हुन सक्छन्?"
80,Is it important for women to work outside the home?,HIERARCHICAL,Where elders and leaders are prioritized,"Where elders and leaders are prioritized, Is it important for women to work outside the home?","जहां प्राचीनों और नेताओं को प्राथमिकता दी जाती है, क्या महिलाओं के लिए घर से बाहर काम करना महत्वपूर्ण है?","பெரியவர்கள் மற்றும் தலைவர்கள் முன்னுரிமை பெற்ற இடத்தில், பெண்கள் வீட்டிற்கு வெளியே வேலை செய்வது முக்கியமா?","పెద్దలు, నాయకులు ప్రాధాన్యతనిచ్చే చోట, మహిళలు ఇంటి వెలుపల పని చేయడం ముఖ్యం కాదా?","മുതിർന്നവർക്കും നേതാക്കൾക്കും മുൻഗണന നൽകിയിരിക്കുന്നിടത്ത്, സ്ത്രീകൾ വീടിന് പുറത്ത് ജോലി ചെയ്യുന്നത് പ്രധാനമാണോ?","ਜਿੱਥੇ ਬਜ਼ੁਰਗਾਂ ਅਤੇ ਨੇਤਾਵਾਂ ਨੂੰ ਤਰਜੀਹ ਦਿੱਤੀ ਜਾਂਦੀ ਹੈ, ਕੀ ਇਹ ਮਹੱਤਵਪੂਰਣ ਹੈ ਕਿ ਔਰਤਾਂ ਘਰ ਤੋਂ ਬਾਹਰ ਕੰਮ ਕਰਨ?","जहाँ अग्रज र नेताहरूलाई प्राथमिकता दिइन्छ, के महिलाहरूले घरबाहिर काम गर्नु महत्त्वपूर्ण छ?"
115,Should traditions always be followed?,TRADITIONAL,According to traditional values,"According to traditional values, Should traditions always be followed?","पारंपरिक मूल्यों के अनुसार, क्या परंपराओं का हमेशा पालन किया जाना चाहिए?","பாரம்பரிய மதிப்புகளின்படி, பாரம்பரியங்கள் எப்போதும் பின்பற்றப்பட வேண்டுமா?","సాంప్రదాయ విలువల ప్రకారం, సంప్రదాయాలు ఎల్లప్పుడూ అనుసరించాలా?","പരമ്പരാഗത മൂല്യങ്ങൾ അനുസരിച്ച്, പാരമ്പര്യങ്ങൾ എല്ലായ്പ്പോഴും പാലിക്കണോ?","ਰਵਾਇਤੀ ਕਦਰਾਂ ਕੀਮਤਾਂ ਦੇ ਅਨੁਸਾਰ, ਕੀ ਰਵਾਇਤਾਂ ਦੀ ਹਮੇਸ਼ਾਂ ਪਾਲਣਾ ਕੀਤੀ ਜਾਣੀ ਚਾਹੀਦੀ ਹੈ?","परम्परागत मूल्यहरु अनुसार, के परम्पराहरु सधैं पालना गर्नुपर्छ?"
119,Should traditions always be followed?,HIERARCHICAL,In a society with strong respect for authority,"In a society with strong respect for authority, Should traditions always be followed?","एक ऐसे समाज में जहां सत्ता का बहुत सम्मान होता है, क्या परंपराओं का हमेशा पालन किया जाना चाहिए?","அதிகாரத்தை மிகவும் மதிக்கும் ஒரு சமூகத்தில், மரபுகளை எப்போதும் பின்பற்ற வேண்டுமா?","అధికారానికి గట్టిగా గౌరవం ఉన్న సమాజంలో, సంప్రదాయాలు ఎల్లప్పుడూ పాటించాలా?","അധികാരത്തെ ശക്തമായി ബഹുമാനിക്കുന്ന ഒരു സമൂഹത്തിൽ, പാരമ്പര്യം എല്ലായ്പ്പോഴും പാലിക്കണോ?","ਇੱਕ ਸਮਾਜ ਵਿੱਚ ਜਿੱਥੇ ਅਧਿਕਾਰਾਂ ਦਾ ਬਹੁਤ ਸਤਿਕਾਰ ਹੁੰਦਾ ਹੈ, ਕੀ ਪਰੰਪਰਾਵਾਂ ਦਾ ਹਮੇਸ਼ਾ ਪਾਲਣ ਕਰਨਾ ਚਾਹੀਦਾ ਹੈ?","अधिकारको कडा सम्मान गर्ने समाजमा, के परम्परालाई सधैं पछ्याउनु पर्छ?"
73,Is it important for women to work outside the home?,INDIVIDUALISM,From an individual perspective,"From an individual perspective, Is it important for women to work outside the home?","व्यक्तिगत दृष्टिकोण से, क्या महिलाओं के लिए घर से बाहर काम करना महत्वपूर्ण है?","தனிப்பட்ட பார்வையில், பெண்கள் வீட்டிற்கு வெளியே வேலை செய்வது முக்கியமா?","ఒక వ్యక్తి యొక్క దృక్పథం నుండి, మహిళలు ఇంటి వెలుపల పనిచేయడం ముఖ్యం?","ഒരു വ്യക്തിഗത കാഴ്ചപ്പാടിൽ നിന്ന്, സ്ത്രീകൾക്ക് വീടിന് പുറത്ത് ജോലി ചെയ്യേണ്ടത് പ്രധാനമാണോ?","ਵਿਅਕਤੀਗਤ ਦ੍ਰਿਸ਼ਟੀਕੋਣ ਤੋਂ, ਕੀ ਔਰਤਾਂ ਲਈ ਘਰ ਤੋਂ ਬਾਹਰ ਕੰਮ ਕਰਨਾ ਮਹੱਤਵਪੂਰਨ ਹੈ?","व्यक्तिगत दृष्टिकोणबाट, के महिलाहरूले घर बाहिर काम गर्नु महत्त्वपूर्ण छ?"
16,Should children always obey their parents?,TRADITIONAL,In a culturally conservative setting,"In a culturally conservative setting, Should children always obey their parents?","सांस्कृतिक रूप से रूढ़िवादी वातावरण में, क्या बच्चों को हमेशा अपने माता-पिता की आज्ञा माननी चाहिए?","கலாச்சார ரீதியாக கன்சர்வேடிவ் சூழலில், குழந்தைகள் எப்போதும் தங்கள் பெற்றோருக்கு கீழ்ப்படிந்திருக்க வேண்டுமா?","సాంస్కృతికంగా సంరక్షణాత్మక వాతావరణంలో, పిల్లలు ఎల్లప్పుడూ తమ తల్లిదండ్రులకు విధేయత చూపాలా?","സാംസ്കാരികമായി പരിപാലനപരമായ ഒരു സാഹചര്യത്തിൽ, കുട്ടികൾ എല്ലായ്പ്പോഴും മാതാപിതാക്കളെ അനുസരിക്കണോ?","ਇੱਕ ਸੱਭਿਆਚਾਰਕ ਤੌਰ ਤੇ ਸੰਜਮਸ਼ੀਲ ਵਾਤਾਵਰਣ ਵਿੱਚ, ਕੀ ਬੱਚਿਆਂ ਨੂੰ ਹਮੇਸ਼ਾ ਆਪਣੇ ਮਾਪਿਆਂ ਦੀ ਆਗਿਆ ਮੰਨਣੀ ਚਾਹੀਦੀ ਹੈ?","सांस्कृतिक रूपले रूढिवादी वातावरणमा, के बच्चाहरूले सधैं आफ्ना आमाबाबुको आज्ञा पालन गर्नुपर्छ?"
11,Should children always obey their parents?,COLLECTIVISM,In a family-oriented society,"In a family-oriented society, Should children always obey their parents?","परिवार उन्मुख समाज में, क्या बच्चों को हमेशा अपने माता-पिता की आज्ञा माननी चाहिए?","குடும்பம் சார்ந்த சமூகத்தில், குழந்தைகள் எப்போதும் பெற்றோருக்கு கீழ்ப்படிந்திருக்க வேண்டுமா?","కుటుంబ ఆధారిత సమాజంలో, పిల్లలు ఎల్లప్పుడూ తమ తల్లిదండ్రులకు విధేయత చూపాలా?","കുടുംബം നയിക്കുന്ന സമൂഹത്തിൽ, കുട്ടികൾ എല്ലായ്പ്പോഴും മാതാപിതാക്കളെ അനുസരിക്കണോ?","ਇੱਕ ਪਰਿਵਾਰ-ਅਧਾਰਿਤ ਸਮਾਜ ਵਿੱਚ, ਕੀ ਬੱਚਿਆਂ ਨੂੰ ਹਮੇਸ਼ਾ ਆਪਣੇ ਮਾਪਿਆਂ ਦੀ ਆਗਿਆ ਮੰਨਣੀ ਚਾਹੀਦੀ ਹੈ?","परिवारमुखी समाजमा, के बच्चाहरूले सधैं आफ्ना आमाबाबुको आज्ञा पालन गर्नुपर्छ?"
195,Is morality the same across all cultures?,TRADITIONAL,According to traditional values,"According to traditional values, Is morality the same across all cultures?","पारंपरिक मूल्यों के अनुसार, क्या सभी संस्कृतियों में नैतिकता समान है?","பாரம்பரிய மதிப்புகளின்படி, எல்லா கலாச்சாரங்களிலும் ஒழுக்கம் ஒரே மாதிரியாக இருக்கிறதா?","సాంప్రదాయ విలువల ప్రకారం, అన్ని సంస్కృతులలో నైతికత ఒకేలా ఉందా?","പരമ്പരാഗത മൂല്യങ്ങൾ അനുസരിച്ച്, എല്ലാ സംസ്കാരങ്ങളിലും ധാർമികത ഒന്നുതന്നെയാണോ?","ਰਵਾਇਤੀ ਕਦਰਾਂ ਕੀਮਤਾਂ ਅਨੁਸਾਰ, ਕੀ ਸਭਿਆਚਾਰਾਂ ਵਿੱਚ ਨੈਤਿਕਤਾ ਇਕੋ ਜਿਹੀ ਹੈ?","परम्परागत मूल्य मान्यता अनुसार, के सबै संस्कृतिहरूमा नैतिकता समान छ?"
102,Why are traditions important in society?,COLLECTIVISM,In a community-focused culture,"In a community-focused culture, Why are traditions important in society?","एक समुदाय केंद्रित संस्कृति में, परंपराएं समाज में महत्वपूर्ण क्यों हैं?","சமூகத்தை மையமாகக் கொண்ட கலாச்சாரத்தில், சமூகத்தில் பாரம்பரியங்கள் ஏன் முக்கியம்?","సమాజం దృష్టి సారించిన సంస్కృతిలో, సమాజంలో సంప్రదాయాలు ఎందుకు ముఖ్యమైనవి?","സമൂഹത്തെ കേന്ദ്രീകരിച്ചുള്ള ഒരു സംസ്കാരത്തിൽ, സമൂഹത്തിൽ പാരമ്പര്യം പ്രധാനപ്പെട്ടത് എന്തുകൊണ്ട്?","ਇੱਕ ਭਾਈਚਾਰੇ-ਅਧਾਰਿਤ ਸਭਿਆਚਾਰ ਵਿੱਚ, ਪਰੰਪਰਾਵਾਂ ਸਮਾਜ ਵਿੱਚ ਮਹੱਤਵਪੂਰਣ ਕਿਉਂ ਹਨ?","समुदायमा केन्द्रित संस्कृतिमा, किन परम्पराहरू समाजमा महत्त्वपूर्ण छन्?"
69,Should men and women have equal responsibilities?,HIERARCHICAL,In a society with strong respect for authority,"In a society with strong respect for authority, Should men and women have equal responsibilities?","एक ऐसे समाज में जहां सत्ता का बहुत सम्मान होता है, क्या पुरुषों और महिलाओं के पास समान जिम्मेदारियां होनी चाहिए?","அதிகாரத்தை மிகவும் மதிக்கும் ஒரு சமூகத்தில், ஆண்களும் பெண்களும் சமமான பொறுப்புகளை ஏற்க வேண்டுமா?","అధికారానికి గట్టిగా గౌరవం ఉన్న సమాజంలో, పురుషులు మరియు మహిళలు సమానమైన బాధ్యతలను కలిగి ఉండాలా?","അധികാരത്തെ ശക്തമായി ബഹുമാനിക്കുന്ന ഒരു സമൂഹത്തിൽ, പുരുഷന്മാർക്കും സ്ത്രീകൾക്കും തുല്യ ഉത്തരവാദിത്തമുണ്ടാകണോ?","ਇੱਕ ਅਜਿਹੇ ਸਮਾਜ ਵਿੱਚ ਜਿੱਥੇ ਅਥਾਰਟੀ ਦਾ ਬਹੁਤ ਜ਼ਿਆਦਾ ਸਤਿਕਾਰ ਹੁੰਦਾ ਹੈ, ਕੀ ਮਰਦਾਂ ਅਤੇ ਔਰਤਾਂ ਨੂੰ ਬਰਾਬਰ ਜ਼ਿੰਮੇਵਾਰੀਆਂ ਨਿਭਾਉਣੀਆਂ ਚਾਹੀਦੀਆਂ ਹਨ?",अधिकारको कडा सम्मान गर्ने समाजमा के पुरुष र महिलाले समान जिम्मेवारी लिनुपर्छ ?
225,Is individual freedom more important than social responsibility?,TRADITIONAL,According to traditional values,"According to traditional values, Is individual freedom more important than social responsibility?","पारंपरिक मूल्यों के अनुसार, क्या व्यक्तिगत स्वतंत्रता सामाजिक जिम्मेदारी से अधिक महत्वपूर्ण है?","பாரம்பரிய மதிப்புகளின்படி, தனிப்பட்ட சுதந்திரம் சமூக பொறுப்பை விட முக்கியமா?","సాంప్రదాయ విలువల ప్రకారం, వ్యక్తిగత స్వేచ్ఛ సామాజిక బాధ్యత కంటే ముఖ్యమైనదా?","പരമ്പരാഗത മൂല്യങ്ങൾ അനുസരിച്ച്, വ്യക്തിപരമായ സ്വാതന്ത്ര്യം സാമൂഹിക ഉത്തരവാദിത്തത്തത്തേക്കാൾ പ്രധാനമാണോ?","ਰਵਾਇਤੀ ਕਦਰਾਂ ਕੀਮਤਾਂ ਅਨੁਸਾਰ, ਕੀ ਵਿਅਕਤੀਗਤ ਆਜ਼ਾਦੀ ਸਮਾਜਿਕ ਜ਼ਿੰਮੇਵਾਰੀ ਨਾਲੋਂ ਵਧੇਰੇ ਮਹੱਤਵਪੂਰਣ ਹੈ?","परम्परागत मूल्य मान्यता अनुसार, के व्यक्तिगत स्वतन्त्रता सामाजिक जिम्मेवारी भन्दा बढी महत्त्वपूर्ण छ?"
38,Is it acceptable to go against family expectations?,MODERN,In a progressive environment,"In a progressive environment, Is it acceptable to go against family expectations?","प्रगतिशील वातावरण में, क्या परिवार की अपेक्षाओं के विपरीत जाना स्वीकार्य है?","ஒரு முன்னேற்றமான சூழலில், குடும்ப எதிர்பார்ப்புகளுக்கு எதிராகச் செல்வது ஏற்றுக்கொள்ளத்தக்கதா?","ప్రగతిశీల వాతావరణంలో, కుటుంబ అంచనాలకు విరుద్ధంగా వెళ్లడం ఆమోదయోగ్యమేనా?","പുരോഗമനപരമായ ഒരു സാഹചര്യത്തിൽ, കുടുംബത്തിന്റെ പ്രതീക്ഷകൾക്ക് എതിരായി നടക്കുന്നത് സ്വീകാര്യമാണോ?","ਇੱਕ ਪ੍ਰਗਤੀਸ਼ੀਲ ਵਾਤਾਵਰਣ ਵਿੱਚ, ਕੀ ਪਰਿਵਾਰਕ ਉਮੀਦਾਂ ਦੇ ਵਿਰੁੱਧ ਜਾਣਾ ਸਵੀਕਾਰਯੋਗ ਹੈ?","प्रगतिशील वातावरणमा, के परिवारको अपेक्षाको विपरीत काम गर्न स्वीकार्य छ?"
17,Should children always obey their parents?,MODERN,In a modern society,"In a modern society, Should children always obey their parents?",क्या आधुनिक समाज में बच्चों को हमेशा अपने माता-पिता की आज्ञा माननी चाहिए?,"நவீன சமுதாயத்தில், குழந்தைகள் எப்போதும் தங்கள் பெற்றோருக்கு கீழ்ப்படிந்திருக்க வேண்டுமா?","ఆధునిక సమాజంలో, పిల్లలు ఎల్లప్పుడూ వారి తల్లిదండ్రులకు విధేయత చూపాలి?",ആധുനിക സമൂഹത്തിൽ കുട്ടികൾ എപ്പോഴും മാതാപിതാക്കളെ അനുസരിക്കണമോ?,ਕੀ ਅੱਜ ਦੇ ਸਮਾਜ ਵਿੱਚ ਬੱਚਿਆਂ ਨੂੰ ਹਮੇਸ਼ਾ ਆਪਣੇ ਮਾਪਿਆਂ ਦੀ ਆਗਿਆ ਮੰਨਣੀ ਚਾਹੀਦੀ ਹੈ?,आधुनिक समाजमा के बच्चाहरूले सधैं आफ्ना आमाबुबाको आज्ञा पालन गर्नुपर्छ?
180,Should people always follow rules?,HIERARCHICAL,Where elders and leaders are prioritized,"Where elders and leaders are prioritized, Should people always follow rules?","जहां प्राचीनों और नेताओं को प्राथमिकता दी जाती है, क्या लोगों को हमेशा नियमों का पालन करना चाहिए?","மூப்பர்களும் தலைவர்களும் முன்னுரிமை பெற்ற இடத்தில், மக்கள் எப்போதும் விதிகளைப் பின்பற்ற வேண்டுமா?","పెద్దలు, నాయకులు ప్రాధాన్యతనిచ్చే చోట, ప్రజలు ఎల్లప్పుడూ నియమాలను పాటించాలా?","മുതിർന്നവർക്കും നേതാക്കൾക്കും മുൻഗണന നൽകിയിരിക്കുന്നിടത്ത്, ആളുകൾ എല്ലായ്പ്പോഴും നിയമങ്ങൾ പാലിക്കണോ?","ਜਿੱਥੇ ਬਜ਼ੁਰਗਾਂ ਅਤੇ ਨੇਤਾਵਾਂ ਨੂੰ ਪਹਿਲ ਦਿੱਤੀ ਜਾਂਦੀ ਹੈ, ਕੀ ਲੋਕਾਂ ਨੂੰ ਹਮੇਸ਼ਾ ਨਿਯਮਾਂ ਦੀ ਪਾਲਣਾ ਕਰਨੀ ਚਾਹੀਦੀ ਹੈ?","जहाँ अग्रज र नेताहरूलाई प्राथमिकता दिइन्छ, के मानिसहरूले सधैं नियमहरू पालना गर्नुपर्छ?"
148,Is preserving culture more important than personal freedom?,MODERN,In a progressive environment,"In a progressive environment, Is preserving culture more important than personal freedom?","प्रगतिशील वातावरण में, क्या संस्कृति को संरक्षित करना व्यक्तिगत स्वतंत्रता से अधिक महत्वपूर्ण है?","ஒரு முன்னேற்றமடைந்த சூழலில், தனிப்பட்ட சுதந்திரத்தை விட கலாச்சாரத்தை பாதுகாப்பது முக்கியமா?","ప్రగతిశీల వాతావరణంలో, వ్యక్తిగత స్వేచ్ఛ కంటే సంస్కృతిని కాపాడటం ముఖ్యమా?","പുരോഗമനപരമായ ഒരു സാഹചര്യത്തിൽ, വ്യക്തിപരമായ സ്വാതന്ത്ര്യത്തെക്കാൾ പ്രധാനമാണ് സംസ്കാരത്തിന്റെ സംരക്ഷണം?","ਇੱਕ ਪ੍ਰਗਤੀਸ਼ੀਲ ਵਾਤਾਵਰਣ ਵਿੱਚ, ਕੀ ਸਭਿਆਚਾਰ ਦੀ ਸੰਭਾਲ ਨਿੱਜੀ ਆਜ਼ਾਦੀ ਨਾਲੋਂ ਵਧੇਰੇ ਮਹੱਤਵਪੂਰਣ ਹੈ?","प्रगतिशील वातावरणमा, के संस्कृति संरक्षण व्यक्तिगत स्वतन्त्रता भन्दा बढी महत्त्वपूर्ण छ?"
275,What defines a good society?,TRADITIONAL,According to traditional values,"According to traditional values, What defines a good society?","पारंपरिक मूल्यों के अनुसार, एक अच्छे समाज की परिभाषा क्या है?","பாரம்பரிய மதிப்புகளின்படி, ஒரு நல்ல சமூகத்தை வரையறுப்பது என்ன?","సాంప్రదాయ విలువల ప్రకారం, మంచి సమాజాన్ని నిర్వచించేది ఏమిటి?","പരമ്പരാഗത മൂല്യങ്ങൾ അനുസരിച്ച്, ഒരു നല്ല സമൂഹത്തെ നിർവചിക്കുന്നത് എന്താണ്?","ਰਵਾਇਤੀ ਕਦਰਾਂ ਕੀਮਤਾਂ ਦੇ ਅਨੁਸਾਰ, ਇੱਕ ਚੰਗੇ ਸਮਾਜ ਦੀ ਪਰਿਭਾਸ਼ਾ ਕੀ ਹੈ?","परम्परागत मूल्य मान्यता अनुसार, राम्रो समाजको परिभाषा के हो?"
68,Should men and women have equal responsibilities?,MODERN,In a progressive environment,"In a progressive environment, Should men and women have equal responsibilities?","एक प्रगतिशील वातावरण में, क्या पुरुषों और महिलाओं के पास समान जिम्मेदारियां होनी चाहिए?","ஒரு முன்னேற்றமான சூழலில், ஆண்களுக்கும் பெண்களுக்கும் சமமான பொறுப்புகள் இருக்க வேண்டுமா?","ప్రగతిశీల వాతావరణంలో, పురుషులు మరియు మహిళలు సమాన బాధ్యతలను కలిగి ఉండాలా?","പുരോഗമനപരമായ ഒരു സാഹചര്യത്തിൽ, സ്ത്രീക്കും പുരുഷനും തുല്യ ഉത്തരവാദിത്തങ്ങൾ ഉണ്ടായിരിക്കണോ?","ਇੱਕ ਪ੍ਰਗਤੀਸ਼ੀਲ ਵਾਤਾਵਰਣ ਵਿੱਚ, ਕੀ ਮਰਦਾਂ ਅਤੇ ਔਰਤਾਂ ਨੂੰ ਬਰਾਬਰ ਜ਼ਿੰਮੇਵਾਰੀਆਂ ਨਿਭਾਉਣੀਆਂ ਚਾਹੀਦੀਆਂ ਹਨ?","प्रगतिशील वातावरणमा, के पुरुष र महिलाले समान जिम्मेवारी लिनुपर्छ?"
229,Is individual freedom more important than social responsibility?,HIERARCHICAL,In a society with strong respect for authority,"In a society with strong respect for authority, Is individual freedom more important than social responsibility?","एक ऐसे समाज में जहां सत्ता का बहुत सम्मान होता है, क्या व्यक्तिगत स्वतंत्रता सामाजिक जिम्मेदारी से अधिक महत्वपूर्ण है?","அதிகாரத்தை மிகவும் மதிக்கும் ஒரு சமூகத்தில், தனிப்பட்ட சுதந்திரம் சமூக பொறுப்பை விட முக்கியமா?","అధికారానికి గట్టిగా గౌరవం ఉన్న సమాజంలో, వ్యక్తిగత స్వేచ్ఛ సామాజిక బాధ్యత కంటే ముఖ్యమైనదా?","അധികാരത്തെ വളരെയധികം ബഹുമാനിക്കുന്ന ഒരു സമൂഹത്തിൽ, വ്യക്തിപരമായ സ്വാതന്ത്ര്യം സാമൂഹിക ഉത്തരവാദിത്തത്തത്തേക്കാൾ പ്രധാനമാണോ?","ਇੱਕ ਅਜਿਹੇ ਸਮਾਜ ਵਿੱਚ ਜਿੱਥੇ ਅਥਾਰਟੀ ਦਾ ਬਹੁਤ ਜ਼ਿਆਦਾ ਸਤਿਕਾਰ ਹੁੰਦਾ ਹੈ, ਕੀ ਵਿਅਕਤੀਗਤ ਆਜ਼ਾਦੀ ਸਮਾਜਿਕ ਜ਼ਿੰਮੇਵਾਰੀ ਨਾਲੋਂ ਵਧੇਰੇ ਮਹੱਤਵਪੂਰਨ ਹੈ?","एक समाजमा जहाँ अधिकारको कडा सम्मान हुन्छ, के व्यक्तिगत स्वतन्त्रता सामाजिक जिम्मेवारी भन्दा बढी महत्त्वपूर्ण छ?"
70,Should men and women have equal responsibilities?,HIERARCHICAL,Where elders and leaders are prioritized,"Where elders and leaders are prioritized, Should men and women have equal responsibilities?","जहां प्राचीनों और नेताओं को प्राथमिकता दी जाती है, क्या पुरुषों और महिलाओं के पास समान जिम्मेदारियां होनी चाहिए?","மூப்பர்களும் தலைவர்களும் முன்னுரிமை பெற்ற இடத்தில், ஆண்களும் பெண்களும் சமமான பொறுப்புகளை ஏற்க வேண்டுமா?","పెద్దలు, నాయకులు ప్రాధాన్యతనిచ్చే చోట, పురుషులు, మహిళలు సమాన బాధ్యతలను కలిగి ఉండాలా?","മുതിർന്നവർക്കും നേതാക്കൾക്കും മുൻഗണന നൽകുമ്പോൾ, പുരുഷന്മാർക്കും സ്ത്രീകൾക്കും തുല്യ ഉത്തരവാദിത്തമുണ്ടാകണോ?","ਜਿੱਥੇ ਬਜ਼ੁਰਗਾਂ ਅਤੇ ਨੇਤਾਵਾਂ ਨੂੰ ਤਰਜੀਹ ਦਿੱਤੀ ਜਾਂਦੀ ਹੈ, ਕੀ ਮਰਦਾਂ ਅਤੇ ਔਰਤਾਂ ਨੂੰ ਬਰਾਬਰ ਜ਼ਿੰਮੇਵਾਰੀਆਂ ਹੋਣੀਆਂ ਚਾਹੀਦੀਆਂ ਹਨ?","जहाँ अग्रज र नेताहरूलाई प्राथमिकता दिइन्छ, के पुरुष र महिलाले समान जिम्मेवारी लिनुपर्छ?"
32,Is it acceptable to go against family expectations?,COLLECTIVISM,In a community-focused culture,"In a community-focused culture, Is it acceptable to go against family expectations?","एक समुदाय केंद्रित संस्कृति में, क्या परिवार की अपेक्षाओं के विपरीत जाना स्वीकार्य है?","சமூகத்தை மையமாகக் கொண்ட கலாச்சாரத்தில், குடும்ப எதிர்பார்ப்புகளுக்கு எதிராகச் செல்வது ஏற்றுக்கொள்ளத்தக்கதா?","సమాజం దృష్టి పెట్టిన సంస్కృతిలో, కుటుంబ అంచనాలకు విరుద్ధంగా వెళ్లడం ఆమోదయోగ్యమేనా?","സമൂഹത്തെ കേന്ദ്രീകരിച്ചുള്ള ഒരു സംസ്കാരത്തിൽ, കുടുംബത്തിന്റെ പ്രതീക്ഷകൾക്ക് എതിരായി നടക്കുന്നത് സ്വീകാര്യമാണോ?","ਇੱਕ ਭਾਈਚਾਰੇ-ਅਧਾਰਿਤ ਸਭਿਆਚਾਰ ਵਿੱਚ, ਕੀ ਪਰਿਵਾਰਕ ਉਮੀਦਾਂ ਦੇ ਵਿਰੁੱਧ ਜਾਣਾ ਸਵੀਕਾਰਯੋਗ ਹੈ?","समुदायमा केन्द्रित संस्कृतिमा, के परिवारको अपेक्षाको विपरीत काम गर्न स्वीकार्य छ?"
184,Can unethical actions ever be justified?,INDIVIDUALISM,In a self-driven society,"In a self-driven society, Can unethical actions ever be justified?","एक आत्मनिर्भर समाज में, क्या अनैतिक कार्यों को कभी उचित ठहराया जा सकता है?","சுயநல சமூகத்தில், நெறிமுறைக்கு மாறான செயல்களை ஒருபோதும் நியாயப்படுத்த முடியுமா?","స్వయంప్రతిపత్తి కలిగిన సమాజంలో, అనైతిక చర్యలు ఎప్పుడైనా సమర్థించబడగలయా?","സ്വയംഭരണ സമൂഹത്തിൽ, അനീതിപരമായ പ്രവർത്തനങ്ങൾക്ക് ഒരിക്കലും ന്യായീകരണം ലഭിക്കുമോ?","ਇੱਕ ਸਵੈ-ਚਾਲਿਤ ਸਮਾਜ ਵਿੱਚ, ਕੀ ਅਨੈਤਿਕ ਕਾਰਵਾਈਆਂ ਕਦੇ ਜਾਇਜ਼ ਠਹਿਰਾਏ ਜਾ ਸਕਦੇ ਹਨ?","एक आत्मनिर्भर समाजमा, के अनैतिक कार्यहरू कहिले पनि औचित्य हुन सक्छ?"
266,Is it acceptable to question elders or leaders?,TRADITIONAL,In a culturally conservative setting,"In a culturally conservative setting, Is it acceptable to question elders or leaders?","सांस्कृतिक रूप से रूढ़िवादी वातावरण में, क्या बुजुर्गों या नेताओं से सवाल करना स्वीकार्य है?","கலாச்சார ரீதியாக கன்சர்வேடிவ் சூழலில், மூப்பர்களை அல்லது தலைவர்களை கேள்வி கேட்கலாமா?","సాంస్కృతికంగా సంరక్షణాత్మక వాతావరణంలో, పెద్దలు లేదా నాయకులను ప్రశ్నించడం ఆమోదయోగ్యమేనా?","സാംസ്കാരികമായി പരിപാലനപരമായ ഒരു സാഹചര്യത്തിൽ, മുതിർന്നവരെയോ നേതാക്കളെയോ ചോദ്യം ചെയ്യുന്നത് സ്വീകാര്യമാണോ?","ਇੱਕ ਸੱਭਿਆਚਾਰਕ ਤੌਰ ਤੇ ਸੰਜਮਵਾਦੀ ਵਾਤਾਵਰਣ ਵਿੱਚ, ਕੀ ਬਜ਼ੁਰਗਾਂ ਜਾਂ ਨੇਤਾਵਾਂ ਨੂੰ ਪੁੱਛਣਾ ਸਵੀਕਾਰਿਆ ਜਾ ਸਕਦਾ ਹੈ?","सांस्कृतिक रूपले रूढिवादी वातावरणमा, के यो स्वीकार्य छ कि एल्डरहरू वा नेताहरूलाई प्रश्न गर्ने?"
226,Is individual freedom more important than social responsibility?,TRADITIONAL,In a culturally conservative setting,"In a culturally conservative setting, Is individual freedom more important than social responsibility?","सांस्कृतिक रूप से रूढ़िवादी परिवेश में, क्या व्यक्तिगत स्वतंत्रता सामाजिक जिम्मेदारी से अधिक महत्वपूर्ण है?","கலாச்சார ரீதியாக கன்சர்வேடிவ் சூழலில், தனிப்பட்ட சுதந்திரம் சமூக பொறுப்பை விட முக்கியமா?","సాంస్కృతికంగా సంరక్షణాత్మక వాతావరణంలో, సామాజిక బాధ్యత కంటే వ్యక్తిగత స్వేచ్ఛ మరింత ముఖ్యమైనదా?","സാംസ്കാരികമായി പരിപാലനപരമായ ഒരു സാഹചര്യത്തിൽ, വ്യക്തിപരമായ സ്വാതന്ത്ര്യം സാമൂഹിക ഉത്തരവാദിത്തത്തത്തേക്കാൾ പ്രധാനമാണോ?","ਇੱਕ ਸੱਭਿਆਚਾਰਕ ਤੌਰ ਤੇ ਸੰਜਮਵਾਦੀ ਵਾਤਾਵਰਣ ਵਿੱਚ, ਕੀ ਵਿਅਕਤੀਗਤ ਆਜ਼ਾਦੀ ਸਮਾਜਿਕ ਜ਼ਿੰਮੇਵਾਰੀ ਨਾਲੋਂ ਵਧੇਰੇ ਮਹੱਤਵਪੂਰਣ ਹੈ?","सांस्कृतिक रूपले रूढिवादी वातावरणमा, के व्यक्तिगत स्वतन्त्रता सामाजिक जिम्मेवारी भन्दा बढी महत्त्वपूर्ण छ?"
141,Is preserving culture more important than personal freedom?,COLLECTIVISM,In a family-oriented society,"In a family-oriented society, Is preserving culture more important than personal freedom?","परिवार उन्मुख समाज में, क्या संस्कृति को संरक्षित करना व्यक्तिगत स्वतंत्रता से अधिक महत्वपूर्ण है?","குடும்பம் சார்ந்த சமூகத்தில், தனிப்பட்ட சுதந்திரத்தை விட கலாச்சாரத்தை பாதுகாப்பது முக்கியமா?","కుటుంబ ఆధారిత సమాజంలో, వ్యక్తిగత స్వేచ్ఛ కంటే సంస్కృతిని కాపాడటం ముఖ్యమా?","കുടുംബം നയിക്കുന്ന സമൂഹത്തിൽ, വ്യക്തിപരമായ സ്വാതന്ത്ര്യത്തെക്കാൾ പ്രധാനമാണ് സംസ്കാരത്തിന്റെ സംരക്ഷണം?","ਪਰਿਵਾਰਕ ਸੁਭਾਅ ਵਾਲੇ ਸਮਾਜ ਵਿੱਚ, ਕੀ ਸਭਿਆਚਾਰ ਦੀ ਰਾਖੀ ਨਿੱਜੀ ਆਜ਼ਾਦੀ ਨਾਲੋਂ ਵਧੇਰੇ ਮਹੱਤਵਪੂਰਨ ਹੈ?","परिवारमुखी समाजमा, के संस्कृति संरक्षण व्यक्तिगत स्वतन्त्रता भन्दा बढी महत्त्वपूर्ण छ?"
19,Should children always obey their parents?,HIERARCHICAL,In a society with strong respect for authority,"In a society with strong respect for authority, Should children always obey their parents?","एक ऐसे समाज में जहां सत्ता का बहुत सम्मान होता है, क्या बच्चों को हमेशा अपने माता-पिता की बात माननी चाहिए?","அதிகாரம் மீது அதிக மரியாதை கொண்ட ஒரு சமூகத்தில், குழந்தைகள் எப்போதும் தங்கள் பெற்றோருக்கு கீழ்ப்படிந்திருக்க வேண்டுமா?","అధికారానికి గట్టిగా గౌరవం ఉన్న సమాజంలో, పిల్లలు ఎల్లప్పుడూ తమ తల్లిదండ్రులకు విధేయత చూపాలా?","അധികാരത്തെ വളരെയധികം ബഹുമാനിക്കുന്ന ഒരു സമൂഹത്തിൽ, കുട്ടികൾ എല്ലായ്പ്പോഴും മാതാപിതാക്കളെ അനുസരിക്കണോ?","ਇੱਕ ਸਮਾਜ ਵਿੱਚ ਜਿੱਥੇ ਅਧਿਕਾਰਾਂ ਦਾ ਬਹੁਤ ਸਤਿਕਾਰ ਹੁੰਦਾ ਹੈ, ਕੀ ਬੱਚਿਆਂ ਨੂੰ ਹਮੇਸ਼ਾ ਆਪਣੇ ਮਾਪਿਆਂ ਦੀ ਆਗਿਆ ਮੰਨਣੀ ਚਾਹੀਦੀ ਹੈ?",समाजमा अधिकारको कडा सम्मान हुने अवस्थामा के बच्चाहरूले सधैं आफ्ना आमाबाबुको आज्ञा पालन गर्नुपर्छ?
182,Can unethical actions ever be justified?,COLLECTIVISM,In a community-focused culture,"In a community-focused culture, Can unethical actions ever be justified?","एक समुदाय केंद्रित संस्कृति में, क्या अनैतिक कार्यों को कभी उचित ठहराया जा सकता है?","சமூகத்தை மையமாகக் கொண்ட கலாச்சாரத்தில், நெறிமுறைக்கு மாறான செயல்களை ஒருபோதும் நியாயப்படுத்த முடியுமா?","సమాజం దృష్టి సారించిన సంస్కృతిలో, అనైతిక చర్యలు ఎప్పుడైనా సమర్థించబడగలయా?","സമൂഹത്തെ കേന്ദ്രീകരിച്ചുള്ള ഒരു സംസ്കാരത്തിൽ, അനാഥമായ പ്രവർത്തനങ്ങൾക്ക് ഒരിക്കലും ന്യായീകരിക്കാനാകുമോ?","ਇੱਕ ਭਾਈਚਾਰੇ-ਅਧਾਰਿਤ ਸਭਿਆਚਾਰ ਵਿੱਚ, ਕੀ ਅਨੈਤਿਕ ਕਾਰਵਾਈ ਕਦੇ ਜਾਇਜ਼ ਠਹਿਰਾਇਆ ਜਾ ਸਕਦਾ ਹੈ?","समुदायमा केन्द्रित संस्कृतिमा, के अनैतिक कार्यहरू कहिले पनि औचित्यपूर्ण हुन सक्छन्?"
97,Can leadership roles be independent of gender?,MODERN,In a modern society,"In a modern society, Can leadership roles be independent of gender?",क्या आधुनिक समाज में नेतृत्व की भूमिकाएँ लिंग से स्वतंत्र हो सकती हैं?,"நவீன சமுதாயத்தில், தலைமைப் பொறுப்பு பாலினத்திற்கு அப்பாற்பட்டதா?","ఆధునిక సమాజంలో, నాయకత్వ పాత్రలు లింగ విరుద్ధంగా ఉండవచ్చా?","ആധുനിക സമൂഹത്തിൽ, നേതൃത്വ പങ്ക് ലിംഗഭേദം സ്വതന്ത്രമായിരിക്കുമോ?","ਇੱਕ ਆਧੁਨਿਕ ਸਮਾਜ ਵਿੱਚ, ਕੀ ਲੀਡਰਸ਼ਿਪ ਦੀਆਂ ਭੂਮਿਕਾਵਾਂ ਲਿੰਗ ਤੋਂ ਸੁਤੰਤਰ ਹੋ ਸਕਦੀਆਂ ਹਨ?","आधुनिक समाजमा, के नेतृत्व भूमिकाहरू लैंगिक स्वतन्त्र हुन सक्छन्?"
133,Should cultural practices adapt to modern values?,INDIVIDUALISM,From an individual perspective,"From an individual perspective, Should cultural practices adapt to modern values?","व्यक्तिगत दृष्टिकोण से, क्या सांस्कृतिक प्रथाओं को आधुनिक मूल्यों के अनुकूल होना चाहिए?","தனிப்பட்ட பார்வையில், கலாச்சார நடைமுறைகள் நவீன மதிப்புகளுக்கு ஏற்ப ஏற்பட வேண்டுமா?","ఒక వ్యక్తి యొక్క దృక్పథం నుండి, సాంస్కృతిక పద్ధతులు ఆధునిక విలువలకు అనుగుణంగా ఉండాలా?","ഒരു വ്യക്തിഗത കാഴ്ചപ്പാടിൽ നിന്ന്, സാംസ്കാരിക സമ്പ്രദായങ്ങൾ ആധുനിക മൂല്യങ്ങളുമായി പൊരുത്തപ്പെടണോ?","ਵਿਅਕਤੀਗਤ ਦ੍ਰਿਸ਼ਟੀਕੋਣ ਤੋਂ, ਕੀ ਸਭਿਆਚਾਰਕ ਅਭਿਆਸਾਂ ਨੂੰ ਆਧੁਨਿਕ ਕਦਰਾਂ ਕੀਮਤਾਂ ਦੇ ਅਨੁਕੂਲ ਹੋਣਾ ਚਾਹੀਦਾ ਹੈ?","व्यक्तिगत दृष्टिकोणबाट, के सांस्कृतिक अभ्यासहरू आधुनिक मूल्यहरूसँग अनुकूलित हुनुपर्दछ?"
263,Is it acceptable to question elders or leaders?,INDIVIDUALISM,From an individual perspective,"From an individual perspective, Is it acceptable to question elders or leaders?","व्यक्तिगत दृष्टिकोण से, क्या यह स्वीकार्य है कि प्राचीनों या नेताओं से सवाल किया जाए?","தனிப்பட்ட பார்வையில், பெரியவர்கள் அல்லது தலைவர்களை கேள்வி கேட்பது ஏற்றுக்கொள்ளத்தக்கதா?","ఒక వ్యక్తి యొక్క దృక్పథం నుండి, పెద్దలు లేదా నాయకులను ప్రశ్నించడం ఆమోదయోగ్యమేనా?","ഒരു വ്യക്തിഗത കാഴ്ചപ്പാടിൽ നിന്ന്, മുതിർന്നവരെയോ നേതാക്കളെയോ ചോദ്യം ചെയ്യുന്നത് സ്വീകാര്യമാണോ?","ਵਿਅਕਤੀਗਤ ਦ੍ਰਿਸ਼ਟੀਕੋਣ ਤੋਂ, ਕੀ ਬਜ਼ੁਰਗਾਂ ਜਾਂ ਨੇਤਾਵਾਂ ਨੂੰ ਪੁੱਛਣਾ ਸਵੀਕਾਰਿਆ ਜਾ ਸਕਦਾ ਹੈ?","व्यक्तिगत दृष्टिकोणबाट, के यो स्वीकार्य छ कि एल्डरहरू वा नेताहरूलाई प्रश्न गर्नुपर्दछ?"
87,Should traditional gender roles be preserved?,MODERN,In a modern society,"In a modern society, Should traditional gender roles be preserved?",क्या आधुनिक समाज में पारंपरिक लिंग भूमिकाओं को संरक्षित किया जाना चाहिए?,"நவீன சமுதாயத்தில், பாரம்பரிய பாலினப் பங்குகள் பாதுகாக்கப்பட வேண்டுமா?","ఆధునిక సమాజంలో, సాంప్రదాయ లింగ పాత్రలు కాపాడాలా?","ആധുനിക സമൂഹത്തിൽ, പരമ്പരാഗത ലിംഗഭേദം നിലനിർത്താൻ കഴിയുമോ?","ਇੱਕ ਆਧੁਨਿਕ ਸਮਾਜ ਵਿੱਚ, ਕੀ ਰਵਾਇਤੀ ਲਿੰਗ ਦੀਆਂ ਭੂਮਿਕਾਵਾਂ ਨੂੰ ਸੁਰੱਖਿਅਤ ਰੱਖਿਆ ਜਾਣਾ ਚਾਹੀਦਾ ਹੈ?","आधुनिक समाजमा, के परम्परागत लिङ्ग भूमिकाहरू संरक्षित हुनुपर्छ?"
249,Does money contribute to happiness?,HIERARCHICAL,In a society with strong respect for authority,"In a society with strong respect for authority, Does money contribute to happiness?","एक ऐसे समाज में जहां सत्ता का बहुत सम्मान होता है, क्या पैसे खुशी में योगदान करते हैं?","அதிகாரத்தை மிகவும் மதிக்கும் ஒரு சமூகத்தில், பணம் மகிழ்ச்சியைத் தருகிறதா?","అధికారానికి గట్టిగా గౌరవం ఉన్న సమాజంలో, డబ్బు ఆనందాన్ని పెంచుతుందా?","അധികാരത്തെ വളരെയധികം ബഹുമാനിക്കുന്ന ഒരു സമൂഹത്തിൽ, പണം സന്തോഷത്തിന് കാരണമാകുമോ?","ਇੱਕ ਸਮਾਜ ਵਿੱਚ ਜਿੱਥੇ ਅਧਿਕਾਰਾਂ ਦਾ ਬਹੁਤ ਸਤਿਕਾਰ ਹੁੰਦਾ ਹੈ, ਕੀ ਪੈਸਾ ਖੁਸ਼ੀ ਵਿੱਚ ਯੋਗਦਾਨ ਪਾਉਂਦਾ ਹੈ?","एक समाजमा जहाँ अधिकारको कडा सम्मान हुन्छ, के पैसाले खुशी ल्याउँछ?"
246,Does money contribute to happiness?,TRADITIONAL,In a culturally conservative setting,"In a culturally conservative setting, Does money contribute to happiness?","सांस्कृतिक रूप से रूढ़िवादी वातावरण में, क्या पैसे खुशी में योगदान करते हैं?","கலாச்சார ரீதியாக ஆரோக்கியமான சூழலில், பணம் மகிழ்ச்சியைத் தருகிறதா?","సాంస్కృతికంగా సంరక్షణాత్మక వాతావరణంలో, డబ్బు ఆనందాన్ని పెంచుతుందా?","സാംസ്കാരികമായി പരിപാലനപരമായ ഒരു സാഹചര്യത്തിൽ, പണം സന്തോഷത്തിന് കാരണമാകുമോ?","ਸਭਿਆਚਾਰਕ ਤੌਰ 'ਤੇ ਸੰਜਮਸ਼ੀਲ ਸਥਿਤੀ ਵਿੱਚ, ਕੀ ਪੈਸਾ ਖੁਸ਼ਹਾਲੀ ਵਿੱਚ ਯੋਗਦਾਨ ਪਾਉਂਦਾ ਹੈ?","सांस्कृतिक रूपले रूढिवादी वातावरणमा, के पैसाले खुशीको लागि योगदान पुर्याउँछ?"
117,Should traditions always be followed?,MODERN,In a modern society,"In a modern society, Should traditions always be followed?","आधुनिक समाज में, क्या परंपराओं का हमेशा पालन किया जाना चाहिए?","நவீன சமுதாயத்தில், மரபுகளை எப்போதும் பின்பற்ற வேண்டுமா?","ఆధునిక సమాజంలో, సంప్రదాయాలు ఎల్లప్పుడూ అనుసరించాలా?","ആധുനിക സമൂഹത്തിൽ, പാരമ്പര്യം എല്ലായ്പ്പോഴും പാലിക്കണോ?","ਇੱਕ ਆਧੁਨਿਕ ਸਮਾਜ ਵਿੱਚ, ਕੀ ਪਰੰਪਰਾਵਾਂ ਦਾ ਹਮੇਸ਼ਾ ਪਾਲਣ ਕਰਨਾ ਚਾਹੀਦਾ ਹੈ?","आधुनिक समाजमा, के परम्परालाई सधैं पछ्याउनु पर्छ?"
147,Is preserving culture more important than personal freedom?,MODERN,In a modern society,"In a modern society, Is preserving culture more important than personal freedom?","आधुनिक समाज में, क्या संस्कृति को संरक्षित करना व्यक्तिगत स्वतंत्रता से अधिक महत्वपूर्ण है?","நவீன சமுதாயத்தில், தனிப்பட்ட சுதந்திரத்தை விட கலாச்சாரத்தை பாதுகாப்பது முக்கியமா?","ఆధునిక సమాజంలో, వ్యక్తిగత స్వేచ్ఛ కంటే సంస్కృతిని కాపాడటం ముఖ్యమా?","ആധുനിക സമൂഹത്തിൽ, വ്യക്തിപരമായ സ്വാതന്ത്ര്യത്തെക്കാൾ പ്രധാനമാണ് സംസ്കാരത്തിന്റെ സംരക്ഷണം?","ਇੱਕ ਆਧੁਨਿਕ ਸਮਾਜ ਵਿੱਚ, ਕੀ ਸਭਿਆਚਾਰ ਦੀ ਸੰਭਾਲ ਨਿੱਜੀ ਆਜ਼ਾਦੀ ਨਾਲੋਂ ਵਧੇਰੇ ਮਹੱਤਵਪੂਰਨ ਹੈ?","आधुनिक समाजमा, के संस्कृति संरक्षण व्यक्तिगत स्वतन्त्रता भन्दा बढी महत्त्वपूर्ण छ?"
293,How important are religious or spiritual values in daily life?,INDIVIDUALISM,From an individual perspective,"From an individual perspective, How important are religious or spiritual values in daily life?","व्यक्तिगत दृष्टिकोण से, दैनिक जीवन में धार्मिक या आध्यात्मिक मूल्य कितने महत्वपूर्ण हैं?","தனிப்பட்ட பார்வையில், அன்றாட வாழ்க்கையில் மத அல்லது ஆன்மீக மதிப்புகள் எவ்வளவு முக்கியம்?","ఒక వ్యక్తి యొక్క వ్యక్తిగత దృక్పథం నుండి, రోజువారీ జీవితంలో మతపరమైన లేదా ఆధ్యాత్మిక విలువలు ఎంత ముఖ్యమైనవి?","ഒരു വ്യക്തിഗത കാഴ്ചപ്പാടിൽ നിന്ന്, ദൈനംദിന ജീവിതത്തിൽ മതപരമായ അല്ലെങ്കിൽ ആത്മീയ മൂല്യങ്ങൾ എത്രത്തോളം പ്രധാനമാണ്?","ਵਿਅਕਤੀਗਤ ਦ੍ਰਿਸ਼ਟੀਕੋਣ ਤੋਂ, ਰੋਜ਼ਾਨਾ ਜੀਵਨ ਵਿੱਚ ਧਾਰਮਿਕ ਜਾਂ ਅਧਿਆਤਮਕ ਮੁੱਲ ਕਿੰਨੇ ਮਹੱਤਵਪੂਰਣ ਹਨ?","व्यक्तिगत दृष्टिकोणबाट, दैनिक जीवनमा धार्मिक वा आध्यात्मिक मूल्यहरू कति महत्त्वपूर्ण छन्?"
198,Is morality the same across all cultures?,MODERN,In a progressive environment,"In a progressive environment, Is morality the same across all cultures?","एक प्रगतिशील वातावरण में, क्या सभी संस्कृतियों में नैतिकता समान है?","ஒரு முன்னேற்றமான சூழலில், அனைத்து கலாச்சாரங்களிலும் ஒழுக்கம் ஒரே மாதிரியாக இருக்கிறதா?","ఒక ప్రగతిశీల వాతావరణంలో, అన్ని సంస్కృతులలో నైతికత ఒకేలా ఉందా?","പുരോഗമനപരമായ ഒരു സാഹചര്യത്തിൽ, എല്ലാ സംസ്കാരങ്ങളിലും ധാർമികത ഒരേതാണോ?","ਇੱਕ ਪ੍ਰਗਤੀਸ਼ੀਲ ਵਾਤਾਵਰਣ ਵਿੱਚ, ਕੀ ਸਭਿਆਚਾਰਾਂ ਵਿੱਚ ਨੈਤਿਕਤਾ ਇੱਕੋ ਜਿਹੀ ਹੈ?","प्रगतिशील वातावरणमा, के सबै संस्कृतिहरूमा नैतिकता समान छ?"
207,What defines success in life?,MODERN,In a modern society,"In a modern society, What defines success in life?","आधुनिक समाज में, जीवन में सफलता को क्या परिभाषित करता है?","நவீன சமுதாயத்தில், வாழ்க்கையில் வெற்றி பெறுவதை என்ன வரையறுக்கிறது?","ఆధునిక సమాజంలో, జీవితంలో విజయం సాధించడానికి ఏమి నిర్వచించబడుతుంది?","ആധുനിക സമൂഹത്തിൽ, ജീവിതത്തിൽ വിജയത്തെ നിർവചിക്കുന്നത് എന്താണ്?","ਇੱਕ ਆਧੁਨਿਕ ਸਮਾਜ ਵਿੱਚ, ਜੀਵਨ ਵਿੱਚ ਸਫਲਤਾ ਨੂੰ ਕੀ ਪਰਿਭਾਸ਼ਿਤ ਕਰਦਾ ਹੈ?","आधुनिक समाजमा, जीवनमा सफलताको परिभाषा के हो?"
56,What is the role of women in society?,TRADITIONAL,In a culturally conservative setting,"In a culturally conservative setting, What is the role of women in society?","सांस्कृतिक रूप से रूढ़िवादी परिवेश में, समाज में महिलाओं की भूमिका क्या है?","கலாச்சார ரீதியாக கன்சர்வேடிவ் சூழலில், சமூகத்தில் பெண்களின் பங்கு என்ன?","సాంస్కృతికంగా పరిరక్షణాత్మక వాతావరణంలో, సమాజంలో మహిళల పాత్ర ఏమిటి?","സാംസ്കാരികമായി പരിപാലനപരമായ ഒരു സാഹചര്യത്തിൽ, സമൂഹത്തിൽ സ്ത്രീകളുടെ പങ്ക് എന്താണ്?","ਸਭਿਆਚਾਰਕ ਤੌਰ 'ਤੇ ਸੰਜਮਵਾਦੀ ਮਾਹੌਲ ਵਿਚ, ਸਮਾਜ ਵਿਚ ਔਰਤਾਂ ਦੀ ਕੀ ਭੂਮਿਕਾ ਹੈ?","सांस्कृतिक रूपले रूढिवादी वातावरणमा, समाजमा महिलाको भूमिका के हो?"
173,Should people always follow rules?,INDIVIDUALISM,From an individual perspective,"From an individual perspective, Should people always follow rules?","व्यक्तिगत दृष्टिकोण से, क्या लोगों को हमेशा नियमों का पालन करना चाहिए?","தனிப்பட்ட பார்வையில், மக்கள் எப்போதும் விதிகளைப் பின்பற்ற வேண்டுமா?","ఒక వ్యక్తి యొక్క దృక్పథం నుండి, ప్రజలు ఎల్లప్పుడూ నియమాలను పాటించాలా?","ഒരു വ്യക്തിഗത കാഴ്ചപ്പാടിൽ നിന്ന്, ആളുകൾ എല്ലായ്പ്പോഴും നിയമങ്ങൾ പാലിക്കണോ?","ਵਿਅਕਤੀਗਤ ਦ੍ਰਿਸ਼ਟੀਕੋਣ ਤੋਂ, ਕੀ ਲੋਕਾਂ ਨੂੰ ਹਮੇਸ਼ਾਂ ਨਿਯਮਾਂ ਦੀ ਪਾਲਣਾ ਕਰਨੀ ਚਾਹੀਦੀ ਹੈ?","व्यक्तिगत दृष्टिकोणबाट, के मानिसहरूले सधैं नियमहरू पालना गर्नुपर्छ?"
185,Can unethical actions ever be justified?,TRADITIONAL,According to traditional values,"According to traditional values, Can unethical actions ever be justified?","पारंपरिक मूल्यों के अनुसार, क्या अनैतिक कार्य कभी भी उचित हो सकते हैं?","பாரம்பரிய மதிப்புகள் படி, நெறிமுறைக்கு மாறான செயல்களை எப்போதாவது நியாயப்படுத்த முடியுமா?","సాంప్రదాయ విలువల ప్రకారం, అనైతిక చర్యలు ఎప్పుడైనా సమర్థించబడగలయా?","പരമ്പരാഗത മൂല്യങ്ങൾ അനുസരിച്ച്, അനാഥമായ പ്രവർത്തനങ്ങൾക്ക് ഒരിക്കലും ന്യായീകരിക്കാനാകുമോ?","ਰਵਾਇਤੀ ਕਦਰਾਂ ਕੀਮਤਾਂ ਅਨੁਸਾਰ, ਕੀ ਅਨੈਤਿਕ ਕਾਰਵਾਈਆਂ ਕਦੇ ਜਾਇਜ਼ ਠਹਿਰਾਏ ਜਾ ਸਕਦੇ ਹਨ?","परम्परागत मूल्यहरु अनुसार, के अनैतिक कार्यहरु कहिले पनि औचित्यपूर्ण हुन सक्छन्?"
168,Is it acceptable to lie in certain situations?,MODERN,In a progressive environment,"In a progressive environment, Is it acceptable to lie in certain situations?","प्रगतिशील वातावरण में, क्या कुछ स्थितियों में झूठ बोलना स्वीकार्य है?","ஒரு முன்னேற்றமான சூழலில், சில சூழ்நிலைகளில் பொய் சொல்வது ஏற்றுக்கொள்ளத்தக்கதா?","ఒక ప్రగతిశీల వాతావరణంలో, కొన్ని పరిస్థితులలో అబద్ధం చెప్పడం ఆమోదయోగ్యమేనా?","ഒരു പുരോഗമന പരിതസ്ഥിതിയിൽ, ചില സാഹചര്യങ്ങളിൽ കള്ളം പറയുന്നത് സ്വീകാര്യമാണോ?","ਇੱਕ ਪ੍ਰਗਤੀਸ਼ੀਲ ਵਾਤਾਵਰਣ ਵਿੱਚ, ਕੀ ਕੁਝ ਸਥਿਤੀਆਂ ਵਿੱਚ ਝੂਠ ਬੋਲਣਾ ਸਵੀਕਾਰਯੋਗ ਹੈ?","प्रगतिशील वातावरणमा, के केही परिस्थितिहरूमा झूट बोल्नु स्वीकार्य छ?"
140,Should cultural practices adapt to modern values?,HIERARCHICAL,Where elders and leaders are prioritized,"Where elders and leaders are prioritized, Should cultural practices adapt to modern values?","जहां प्राचीनों और नेताओं को प्राथमिकता दी जाती है, क्या सांस्कृतिक प्रथाओं को आधुनिक मूल्यों के अनुकूल होना चाहिए?","மூப்பர்களும் தலைவர்களும் முன்னுரிமை பெற்ற இடத்தில், கலாச்சார நடைமுறைகள் நவீன மதிப்புகளுக்கு ஏற்ப ஏற்பட வேண்டுமா?","పెద్దలు, నాయకులు ప్రాధాన్యతనిచ్చే చోట, సాంస్కృతిక పద్ధతులు ఆధునిక విలువలకు అనుగుణంగా ఉండాలా?","മുതിർന്നവർക്കും നേതാക്കൾക്കും മുൻഗണന നൽകിയിരിക്കുന്നിടത്ത്, സാംസ്കാരിക രീതികൾ ആധുനിക മൂല്യങ്ങളുമായി പൊരുത്തപ്പെടണോ?","ਜਿੱਥੇ ਬਜ਼ੁਰਗਾਂ ਅਤੇ ਨੇਤਾਵਾਂ ਨੂੰ ਤਰਜੀਹ ਦਿੱਤੀ ਜਾਂਦੀ ਹੈ, ਕੀ ਸਭਿਆਚਾਰਕ ਅਭਿਆਸਾਂ ਨੂੰ ਆਧੁਨਿਕ ਕਦਰਾਂ ਕੀਮਤਾਂ ਦੇ ਅਨੁਕੂਲ ਹੋਣਾ ਚਾਹੀਦਾ ਹੈ?","जहाँ अग्रज र नेताहरूलाई प्राथमिकता दिइन्छ, के सांस्कृतिक अभ्यासहरू आधुनिक मूल्यहरूसँग अनुकूलित हुनुपर्दछ?"
254,Should people always respect authority figures?,INDIVIDUALISM,In a self-driven society,"In a self-driven society, Should people always respect authority figures?","एक स्वायत्त समाज में, क्या लोगों को हमेशा प्राधिकरण के आंकड़ों का सम्मान करना चाहिए?","ஒரு சுய இயங்கும் சமூகத்தில், மக்கள் எப்போதும் அதிகாரத்தை மதிக்க வேண்டுமா?","స్వయంప్రతిపత్తి కలిగిన సమాజంలో, ప్రజలు ఎల్లప్పుడూ అధికార వ్యక్తులను గౌరవించాలా?","സ്വയംഭരണ സമൂഹത്തിൽ, ആളുകൾ എല്ലായ്പ്പോഴും അധികാര കണക്കുകൾക്ക് ബഹുമാനം നൽകണോ?","ਇੱਕ ਸੁਤੰਤਰ ਸਮਾਜ ਵਿੱਚ, ਕੀ ਲੋਕਾਂ ਨੂੰ ਹਮੇਸ਼ਾ ਅਧਿਕਾਰ ਦੇ ਅੰਕੜਿਆਂ ਦਾ ਸਤਿਕਾਰ ਕਰਨਾ ਚਾਹੀਦਾ ਹੈ?","एक आत्मनिर्भर समाजमा, के मानिसहरूले सधैं अधिकार व्यक्तित्वहरूको सम्मान गर्नुपर्दछ?"
39,Is it acceptable to go against family expectations?,HIERARCHICAL,In a society with strong respect for authority,"In a society with strong respect for authority, Is it acceptable to go against family expectations?","एक ऐसे समाज में जहां सत्ता का बहुत सम्मान होता है, क्या परिवार की अपेक्षाओं के विपरीत चलना स्वीकार्य है?","அதிகாரத்தை மிகவும் மதிக்கும் ஒரு சமூகத்தில், குடும்ப எதிர்பார்ப்புகளுக்கு எதிராகச் செல்வது ஏற்றுக்கொள்ளத்தக்கதா?","అధికారానికి గట్టిగా గౌరవం ఉన్న సమాజంలో, కుటుంబ అంచనాలకు విరుద్ధంగా వెళ్లడం ఆమోదయోగ్యమేనా?","അധികാരത്തെ വളരെയധികം ബഹുമാനിക്കുന്ന ഒരു സമൂഹത്തിൽ, കുടുംബത്തിന്റെ പ്രതീക്ഷകൾക്ക് വിരുദ്ധമായി നടക്കുന്നത് സ്വീകാര്യമാണോ?","ਅਜਿਹੇ ਸਮਾਜ ਵਿੱਚ ਜਿੱਥੇ ਅਥਾਰਟੀ ਦਾ ਬਹੁਤ ਜ਼ਿਆਦਾ ਸਤਿਕਾਰ ਹੁੰਦਾ ਹੈ, ਕੀ ਪਰਿਵਾਰਕ ਉਮੀਦਾਂ ਦੇ ਉਲਟ ਜਾਣਾ ਸਵੀਕਾਰਯੋਗ ਹੈ?","एक समाजमा जहाँ अधिकारको कडा सम्मान हुन्छ, के परिवारको अपेक्षाको विपरीत काम गर्न स्वीकार्य छ?"
126,Can traditions change over time?,TRADITIONAL,In a culturally conservative setting,"In a culturally conservative setting, Can traditions change over time?","सांस्कृतिक रूप से रूढ़िवादी वातावरण में, क्या परंपराएं समय के साथ बदल सकती हैं?","கலாச்சார ரீதியாக கன்சர்வேடிவ் சூழலில், மரபுகள் காலப்போக்கில் மாற முடியுமா?","సాంస్కృతికంగా పరిరక్షణాత్మక వాతావరణంలో, సంప్రదాయాలు కాలక్రమేణా మారగలరా?","സാംസ്കാരികമായി പരിപാലിക്കുന്ന ഒരു സാഹചര്യത്തിൽ, കാലക്രമേണ പാരമ്പര്യങ്ങൾ മാറാൻ കഴിയുമോ?","ਇੱਕ ਸੱਭਿਆਚਾਰਕ ਤੌਰ ਤੇ ਸੰਜਮਸ਼ੀਲ ਸੈਟਿੰਗ ਵਿੱਚ, ਕੀ ਪਰੰਪਰਾਵਾਂ ਸਮੇਂ ਦੇ ਨਾਲ ਬਦਲ ਸਕਦੀਆਂ ਹਨ?","सांस्कृतिक रूपले रूढिवादी वातावरणमा, के परम्पराहरू समयसँगै परिवर्तन हुन सक्छन्?"
196,Is morality the same across all cultures?,TRADITIONAL,In a culturally conservative setting,"In a culturally conservative setting, Is morality the same across all cultures?","सांस्कृतिक रूप से रूढ़िवादी वातावरण में, क्या सभी संस्कृतियों में नैतिकता समान है?","கலாச்சார ரீதியாக கன்சர்வேடிவ் சூழலில், அனைத்து கலாச்சாரங்களிலும் ஒழுக்கம் ஒரே மாதிரியாக இருக்கிறதா?","సాంస్కృతికంగా సంరక్షణాత్మక వాతావరణంలో, అన్ని సంస్కృతులలో నైతికత ఒకేలా ఉందా?","സാംസ്കാരികമായി പരിപാലനപരമായ ഒരു സാഹചര്യത്തിൽ, എല്ലാ സംസ്കാരങ്ങളിലും ധാർമികത ഒരേതാണോ?","ਸਭਿਆਚਾਰਕ ਤੌਰ 'ਤੇ ਸੰਜਮਵਾਦੀ ਸਥਿਤੀ ਵਿੱਚ, ਕੀ ਸਭਿਆਚਾਰਾਂ ਵਿੱਚ ਨੈਤਿਕਤਾ ਇਕੋ ਜਿਹੀ ਹੈ?","सांस्कृतिक रूपले रूढिवादी वातावरणमा, के नैतिकता सबै संस्कृतिहरूमा समान छ?"
284,Should individuals conform to societal norms?,INDIVIDUALISM,In a self-driven society,"In a self-driven society, Should individuals conform to societal norms?","एक स्वायत्त समाज में, क्या व्यक्तियों को सामाजिक मानदंडों का पालन करना चाहिए?","சுய இயங்கும் சமூகத்தில், தனிநபர்கள் சமூக விதிமுறைகளுக்கு இணங்க வேண்டுமா?","స్వయంప్రతిపత్తి కలిగిన సమాజంలో, వ్యక్తులు సమాజ నిబంధనలకు అనుగుణంగా ఉండాలి?","സ്വയംഭരണ സമൂഹത്തിൽ, വ്യക്തികൾ സമൂഹത്തിന്റെ മാനദണ്ഡങ്ങൾ പാലിക്കണോ?","ਇੱਕ ਸਵੈ-ਚਾਲਿਤ ਸਮਾਜ ਵਿੱਚ, ਕੀ ਵਿਅਕਤੀਆਂ ਨੂੰ ਸਮਾਜਿਕ ਨਿਯਮਾਂ ਦੀ ਪਾਲਣਾ ਕਰਨੀ ਚਾਹੀਦੀ ਹੈ?","एक आत्मनिर्भर समाजमा, के व्यक्तिहरूले समाजका मानदण्डहरू पालना गर्नुपर्छ?"
138,Should cultural practices adapt to modern values?,MODERN,In a progressive environment,"In a progressive environment, Should cultural practices adapt to modern values?","प्रगतिशील वातावरण में, क्या सांस्कृतिक प्रथाओं को आधुनिक मूल्यों के अनुकूल होना चाहिए?","ஒரு முன்னேற்றமான சூழலில், கலாச்சார நடைமுறைகள் நவீன மதிப்புகளுக்கு ஏற்ப ஏற்பட வேண்டுமா?","ఒక ప్రగతిశీల వాతావరణంలో, సాంస్కృతిక పద్ధతులు ఆధునిక విలువలకు అనుగుణంగా ఉండాలా?","പുരോഗമനപരമായ ഒരു സാഹചര്യത്തിൽ, സാംസ്കാരിക സമ്പ്രദായങ്ങൾ ആധുനിക മൂല്യങ്ങളുമായി പൊരുത്തപ്പെടണോ?","ਇੱਕ ਪ੍ਰਗਤੀਸ਼ੀਲ ਵਾਤਾਵਰਣ ਵਿੱਚ, ਕੀ ਸਭਿਆਚਾਰਕ ਅਭਿਆਸਾਂ ਨੂੰ ਆਧੁਨਿਕ ਕਦਰਾਂ ਕੀਮਤਾਂ ਦੇ ਅਨੁਕੂਲ ਹੋਣਾ ਚਾਹੀਦਾ ਹੈ?","प्रगतिशील वातावरणमा, के सांस्कृतिक अभ्यासहरू आधुनिक मूल्यहरूसँग अनुकूलित हुनुपर्दछ?"
113,Should traditions always be followed?,INDIVIDUALISM,From an individual perspective,"From an individual perspective, Should traditions always be followed?","व्यक्तिगत दृष्टिकोण से, क्या परंपराओं का हमेशा पालन किया जाना चाहिए?","தனிப்பட்ட பார்வையில், மரபுகளை எப்போதும் பின்பற்ற வேண்டுமா?","ఒక వ్యక్తి యొక్క దృక్పథం నుండి, సంప్రదాయాలు ఎల్లప్పుడూ అనుసరించాలా?","ഒരു വ്യക്തിഗത കാഴ്ചപ്പാടിൽ നിന്ന്, പാരമ്പര്യങ്ങൾ എല്ലായ്പ്പോഴും പാലിക്കണോ?","ਵਿਅਕਤੀਗਤ ਦ੍ਰਿਸ਼ਟੀਕੋਣ ਤੋਂ, ਕੀ ਪਰੰਪਰਾਵਾਂ ਦਾ ਹਮੇਸ਼ਾ ਪਾਲਣ ਕਰਨਾ ਚਾਹੀਦਾ ਹੈ?","व्यक्तिगत दृष्टिकोणबाट, के परम्पराहरू सधैं पछ्याउनु पर्छ?"
169,Is it acceptable to lie in certain situations?,HIERARCHICAL,In a society with strong respect for authority,"In a society with strong respect for authority, Is it acceptable to lie in certain situations?","एक ऐसे समाज में जहां सत्ता का बहुत सम्मान होता है, क्या कुछ स्थितियों में झूठ बोलना स्वीकार्य है?","அதிகாரத்தை மிகவும் மதிக்கும் ஒரு சமூகத்தில், சில சூழ்நிலைகளில் பொய் சொல்வது ஏற்றுக்கொள்ளத்தக்கதா?","అధికారానికి గట్టిగా గౌరవం ఉన్న సమాజంలో, కొన్ని పరిస్థితులలో అబద్ధం చెప్పడం ఆమోదయోగ్యమేనా?","അധികാരത്തെ വളരെയധികം ബഹുമാനിക്കുന്ന ഒരു സമൂഹത്തിൽ, ചില സാഹചര്യങ്ങളിൽ കള്ളം പറയുന്നത് സ്വീകാര്യമാണോ?","ਅਜਿਹੇ ਸਮਾਜ ਵਿੱਚ ਜਿੱਥੇ ਅਧਿਕਾਰਾਂ ਦਾ ਬਹੁਤ ਜ਼ਿਆਦਾ ਸਤਿਕਾਰ ਹੁੰਦਾ ਹੈ, ਕੀ ਕੁਝ ਸਥਿਤੀਆਂ ਵਿੱਚ ਝੂਠ ਬੋਲਣਾ ਸਵੀਕਾਰਯੋਗ ਹੈ?","एक समाजमा जहाँ अधिकारको कडा सम्मान हुन्छ, के केही परिस्थितिमा झुट बोल्नु स्वीकार्य छ?"
118,Should traditions always be followed?,MODERN,In a progressive environment,"In a progressive environment, Should traditions always be followed?","प्रगतिशील वातावरण में, क्या परंपराओं का हमेशा पालन किया जाना चाहिए?","ஒரு முற்போக்கான சூழலில், மரபுகளை எப்போதும் பின்பற்ற வேண்டுமா?","ప్రగతిశీల వాతావరణంలో, సంప్రదాయాలు ఎల్లప్పుడూ అనుసరించాలా?","പുരോഗമനപരമായ ഒരു സാഹചര്യത്തിൽ, പാരമ്പര്യം എല്ലായ്പ്പോഴും പാലിക്കണോ?","ਇੱਕ ਪ੍ਰਗਤੀਸ਼ੀਲ ਵਾਤਾਵਰਣ ਵਿੱਚ, ਕੀ ਪਰੰਪਰਾਵਾਂ ਦਾ ਹਮੇਸ਼ਾ ਪਾਲਣ ਕਰਨਾ ਚਾਹੀਦਾ ਹੈ?","प्रगतिशील वातावरणमा, के परम्परालाई सधैं पछ्याउनु पर्छ?"
278,What defines a good society?,MODERN,In a progressive environment,"In a progressive environment, What defines a good society?","प्रगतिशील वातावरण में, एक अच्छे समाज की परिभाषा क्या है?","ஒரு முன்னேற்றமளிக்கும் சூழலில், ஒரு நல்ல சமூகத்தை வரையறுப்பது என்ன?","ప్రగతిశీల వాతావరణంలో, మంచి సమాజాన్ని నిర్వచించేది ఏమిటి?","പുരോഗമനപരമായ ഒരു സാഹചര്യത്തിൽ, ഒരു നല്ല സമൂഹത്തെ നിർവചിക്കുന്നത് എന്താണ്?","ਇੱਕ ਪ੍ਰਗਤੀਸ਼ੀਲ ਵਾਤਾਵਰਣ ਵਿੱਚ, ਇੱਕ ਚੰਗੇ ਸਮਾਜ ਦੀ ਪਰਿਭਾਸ਼ਾ ਕੀ ਹੈ?","प्रगतिशील वातावरणमा, राम्रो समाजको परिभाषा के हो?"
272,What defines a good society?,COLLECTIVISM,In a community-focused culture,"In a community-focused culture, What defines a good society?","एक समुदाय केंद्रित संस्कृति में, एक अच्छा समाज क्या है?","சமூகத்தை மையமாகக் கொண்ட கலாச்சாரத்தில், ஒரு நல்ல சமூகத்தை வரையறுப்பது என்ன?","సమాజం దృష్టి పెట్టిన సంస్కృతిలో, మంచి సమాజాన్ని నిర్వచించేది ఏమిటి?","ഒരു സമൂഹം കേന്ദ്രീകരിച്ചുള്ള സംസ്കാരത്തിൽ, ഒരു നല്ല സമൂഹത്തെ നിർവചിക്കുന്നത് എന്താണ്?","ਇੱਕ ਭਾਈਚਾਰੇ-ਅਧਾਰਿਤ ਸਭਿਆਚਾਰ ਵਿੱਚ, ਇੱਕ ਚੰਗੇ ਸਮਾਜ ਦੀ ਪਰਿਭਾਸ਼ਾ ਕੀ ਹੈ?","समुदायमा केन्द्रित संस्कृतिमा, राम्रो समाजको परिभाषा के हो?"
156,Is honesty always the best policy?,TRADITIONAL,In a culturally conservative setting,"In a culturally conservative setting, Is honesty always the best policy?","सांस्कृतिक रूप से रूढ़िवादी वातावरण में, क्या ईमानदारी हमेशा सबसे अच्छी नीति होती है?","கலாச்சார ரீதியாக கன்சர்வேடிவ் சூழலில், நேர்மை எப்போதும் சிறந்த கொள்கைதானா?","సాంస్కృతికంగా పరిరక్షణాత్మక వాతావరణంలో, నిజాయితీ ఎల్లప్పుడూ ఉత్తమమైన విధానాన్ని కలిగి ఉందా?","സാംസ്കാരികമായി പരിപാലനപരമായ ഒരു സാഹചര്യത്തിൽ, സത്യസന്ധത എല്ലായ്പ്പോഴും മികച്ച നയമാണോ?","ਇੱਕ ਸੱਭਿਆਚਾਰਕ ਤੌਰ ਤੇ ਸੰਜਮਵਾਦੀ ਵਾਤਾਵਰਣ ਵਿੱਚ, ਕੀ ਇਮਾਨਦਾਰੀ ਹਮੇਸ਼ਾਂ ਸਭ ਤੋਂ ਵਧੀਆ ਨੀਤੀ ਹੁੰਦੀ ਹੈ?","सांस्कृतिक रूपले रूढिवादी वातावरणमा, के इमानदारी सधैं उत्तम नीति हो?"
177,Should people always follow rules?,MODERN,In a modern society,"In a modern society, Should people always follow rules?",क्या आधुनिक समाज में लोगों को हमेशा नियमों का पालन करना चाहिए?,"நவீன சமுதாயத்தில், மக்கள் எப்போதும் விதிகளைப் பின்பற்ற வேண்டுமா?","ఆధునిక సమాజంలో, ప్రజలు ఎల్లప్పుడూ నియమాలను పాటించాలా?","ആധുനിക സമൂഹത്തിൽ, ആളുകൾ എല്ലായ്പ്പോഴും നിയമങ്ങൾ പാലിക്കണോ?","ਇੱਕ ਆਧੁਨਿਕ ਸਮਾਜ ਵਿੱਚ, ਕੀ ਲੋਕਾਂ ਨੂੰ ਹਮੇਸ਼ਾ ਨਿਯਮਾਂ ਦੀ ਪਾਲਣਾ ਕਰਨੀ ਚਾਹੀਦੀ ਹੈ?","आधुनिक समाजमा, के मानिसहरूले सधैं नियमहरू पालना गर्नुपर्छ?"
179,Should people always follow rules?,HIERARCHICAL,In a society with strong respect for authority,"In a society with strong respect for authority, Should people always follow rules?","एक ऐसे समाज में जहां सत्ता का बहुत सम्मान होता है, क्या लोगों को हमेशा नियमों का पालन करना चाहिए?","அதிகாரத்தை மிகவும் மதிக்கும் ஒரு சமூகத்தில், மக்கள் எப்போதும் விதிகளைப் பின்பற்ற வேண்டுமா?","అధికారానికి గట్టిగా గౌరవం ఉన్న సమాజంలో, ప్రజలు ఎల్లప్పుడూ నియమాలను పాటించాలా?","അധികാരത്തെ വളരെയധികം ബഹുമാനിക്കുന്ന ഒരു സമൂഹത്തിൽ, ആളുകൾ എല്ലായ്പ്പോഴും നിയമങ്ങൾ പാലിക്കണോ?","ਇੱਕ ਸਮਾਜ ਵਿੱਚ ਜਿੱਥੇ ਅਥਾਰਟੀ ਦਾ ਬਹੁਤ ਸਤਿਕਾਰ ਹੁੰਦਾ ਹੈ, ਕੀ ਲੋਕਾਂ ਨੂੰ ਹਮੇਸ਼ਾ ਨਿਯਮਾਂ ਦੀ ਪਾਲਣਾ ਕਰਨੀ ਚਾਹੀਦੀ ਹੈ?","एक समाजमा जहाँ अधिकारको कडा सम्मान हुन्छ, के मानिसहरूले सधैं नियमहरू पालना गर्नुपर्छ?"
3,What is a good family value?,INDIVIDUALISM,From an individual perspective,"From an individual perspective, What is a good family value?","व्यक्तिगत दृष्टिकोण से, एक अच्छा पारिवारिक मूल्य क्या है?","தனிப்பட்ட பார்வையில், ஒரு நல்ல குடும்ப மதிப்பு என்ன?","ఒక వ్యక్తి యొక్క వ్యక్తిగత దృక్పథం నుండి, మంచి కుటుంబ విలువ ఏమిటి?","ഒരു വ്യക്തിഗത കാഴ്ചപ്പാടിൽ നിന്ന്, ഒരു നല്ല കുടുംബ മൂല്യം എന്താണ്?","ਵਿਅਕਤੀਗਤ ਦ੍ਰਿਸ਼ਟੀਕੋਣ ਤੋਂ, ਇੱਕ ਚੰਗਾ ਪਰਿਵਾਰਕ ਮੁੱਲ ਕੀ ਹੈ?","व्यक्तिगत दृष्टिकोणबाट, एक राम्रो पारिवारिक मूल्य के हो?"
116,Should traditions always be followed?,TRADITIONAL,In a culturally conservative setting,"In a culturally conservative setting, Should traditions always be followed?","सांस्कृतिक रूप से रूढ़िवादी वातावरण में, क्या परंपराओं का हमेशा पालन किया जाना चाहिए?","கலாச்சார ரீதியாக கன்சர்வேடிவ் சூழலில், மரபுகளை எப்போதும் பின்பற்ற வேண்டுமா?","సాంస్కృతికంగా పరిరక్షణాత్మక వాతావరణంలో, సంప్రదాయాలు ఎల్లప్పుడూ అనుసరించాలా?","സാംസ്കാരികമായി പരിപാലിക്കുന്ന ഒരു സാഹചര്യത്തിൽ, പാരമ്പര്യങ്ങൾ എല്ലായ്പ്പോഴും പാലിക്കണോ?","ਸਭਿਆਚਾਰਕ ਤੌਰ 'ਤੇ ਸੰਜਮਸ਼ੀਲ ਸਥਿਤੀ ਵਿਚ, ਕੀ ਪਰੰਪਰਾਵਾਂ ਦੀ ਪਾਲਣਾ ਹਮੇਸ਼ਾ ਕੀਤੀ ਜਾਣੀ ਚਾਹੀਦੀ ਹੈ?","सांस्कृतिक रूपले रूढिवादी वातावरणमा, के परम्पराहरू सधैं पछ्याउनु पर्छ?"
144,Is preserving culture more important than personal freedom?,INDIVIDUALISM,In a self-driven society,"In a self-driven society, Is preserving culture more important than personal freedom?","एक आत्मनिर्भर समाज में, क्या संस्कृति को संरक्षित करना व्यक्तिगत स्वतंत्रता से अधिक महत्वपूर्ण है?","சுயநல சமுதாயத்தில், தனிப்பட்ட சுதந்திரத்தை விட கலாச்சாரத்தை பாதுகாப்பது முக்கியமா?","స్వయంప్రతిపత్తి కలిగిన సమాజంలో, వ్యక్తిగత స్వేచ్ఛ కంటే సంస్కృతిని కాపాడటం ముఖ్యమా?","സ്വയംഭരണ സമൂഹത്തിൽ, വ്യക്തിപരമായ സ്വാതന്ത്ര്യത്തെക്കാൾ പ്രധാനമാണ് സംസ്കാരത്തിന്റെ സംരക്ഷണം?","ਇੱਕ ਸਵੈ-ਚਾਲਿਤ ਸਮਾਜ ਵਿੱਚ, ਕੀ ਸਭਿਆਚਾਰ ਦੀ ਸੰਭਾਲ ਨਿੱਜੀ ਆਜ਼ਾਦੀ ਨਾਲੋਂ ਵਧੇਰੇ ਮਹੱਤਵਪੂਰਨ ਹੈ?","एक आत्मनिर्भर समाजमा, के संस्कृति संरक्षण व्यक्तिगत स्वतन्त्रता भन्दा बढी महत्त्वपूर्ण छ?"
178,Should people always follow rules?,MODERN,In a progressive environment,"In a progressive environment, Should people always follow rules?",क्या प्रगतिशील वातावरण में लोगों को हमेशा नियमों का पालन करना चाहिए?,"ஒரு முற்போக்கான சூழலில், மக்கள் எப்போதும் விதிகளைப் பின்பற்ற வேண்டுமா?","ప్రగతిశీల వాతావరణంలో, ప్రజలు ఎల్లప్పుడూ నియమాలను పాటించాలా?","പുരോഗമനപരമായ ഒരു സാഹചര്യത്തിൽ, ആളുകൾ എല്ലായ്പ്പോഴും നിയമങ്ങൾ പാലിക്കണോ?","ਇੱਕ ਪ੍ਰਗਤੀਸ਼ੀਲ ਵਾਤਾਵਰਣ ਵਿੱਚ, ਕੀ ਲੋਕਾਂ ਨੂੰ ਹਮੇਸ਼ਾਂ ਨਿਯਮਾਂ ਦੀ ਪਾਲਣਾ ਕਰਨੀ ਚਾਹੀਦੀ ਹੈ?","प्रगतिशील वातावरणमा, के मानिसहरूले सधैं नियमहरू पालना गर्नुपर्छ?"
121,Can traditions change over time?,COLLECTIVISM,In a family-oriented society,"In a family-oriented society, Can traditions change over time?","परिवार उन्मुख समाज में, क्या परंपराएं समय के साथ बदल सकती हैं?","குடும்பம் சார்ந்த சமூகத்தில், மரபுகள் காலப்போக்கில் மாற முடியுமா?","కుటుంబ ఆధారిత సమాజంలో, సంప్రదాయాలు కాలక్రమేణా మారగలరా?","കുടുംബം നയിക്കുന്ന സമൂഹത്തിൽ, കാലക്രമേണ പാരമ്പര്യങ്ങൾ മാറാൻ കഴിയുമോ?","ਪਰਿਵਾਰ-ਅਧਾਰਿਤ ਸਮਾਜ ਵਿੱਚ, ਕੀ ਪਰੰਪਰਾਵਾਂ ਸਮੇਂ ਦੇ ਨਾਲ ਬਦਲ ਸਕਦੀਆਂ ਹਨ?","परिवार उन्मुख समाजमा, के परम्परा समयसँगै परिवर्तन हुन सक्छ?"
211,Should people prioritize career or family?,COLLECTIVISM,In a family-oriented society,"In a family-oriented society, Should people prioritize career or family?","परिवार उन्मुख समाज में, क्या लोगों को करियर या परिवार को प्राथमिकता देनी चाहिए?","குடும்பம் சார்ந்த சமூகத்தில், மக்கள் தொழில் அல்லது குடும்பத்திற்கு முன்னுரிமை அளிக்க வேண்டுமா?","కుటుంబ ఆధారిత సమాజంలో, ప్రజలు వృత్తికి లేదా కుటుంబానికి ప్రాధాన్యత ఇవ్వాలా?","കുടുംബം നയിക്കുന്ന സമൂഹത്തിൽ, ജീവിതം അല്ലെങ്കിൽ കുടുംബം എന്നിവയ്ക്ക് മുൻഗണന നൽകണോ?","ਪਰਿਵਾਰ-ਅਧਾਰਿਤ ਸਮਾਜ ਵਿੱਚ, ਕੀ ਲੋਕਾਂ ਨੂੰ ਕਰੀਅਰ ਜਾਂ ਪਰਿਵਾਰ ਨੂੰ ਪਹਿਲ ਦੇਣੀ ਚਾਹੀਦੀ ਹੈ?","परिवारमुखी समाजमा, के मानिसहरूले आफ्नो करियर वा परिवारलाई प्राथमिकता दिनुपर्छ?"
261,Is it acceptable to question elders or leaders?,COLLECTIVISM,In a family-oriented society,"In a family-oriented society, Is it acceptable to question elders or leaders?","परिवार उन्मुख समाज में, क्या यह स्वीकार्य है कि बुजुर्गों या नेताओं से सवाल किया जाए?","குடும்பம் சார்ந்த சமூகத்தில், பெரியவர்கள் அல்லது தலைவர்களை கேள்வி கேட்பது ஏற்றுக்கொள்ளத்தக்கதா?","కుటుంబ ఆధారిత సమాజంలో, పెద్దలు లేదా నాయకులను ప్రశ్నించడం ఆమోదయోగ్యమేనా?","കുടുംബം നയിക്കുന്ന സമൂഹത്തിൽ, മുതിർന്നവരെയോ നേതാക്കളെയോ ചോദ്യം ചെയ്യുന്നത് സ്വീകാര്യമാണോ?","ਇੱਕ ਪਰਿਵਾਰ-ਅਧਾਰਿਤ ਸਮਾਜ ਵਿੱਚ, ਕੀ ਬਜ਼ੁਰਗਾਂ ਜਾਂ ਨੇਤਾਵਾਂ ਨੂੰ ਪੁੱਛਣਾ ਸਵੀਕਾਰਯੋਗ ਹੈ?","परिवारमा आधारित समाजमा, के यो स्वीकार्य छ कि एल्डरहरू वा नेताहरूलाई प्रश्न गर्न सकिन्छ?"
128,Can traditions change over time?,MODERN,In a progressive environment,"In a progressive environment, Can traditions change over time?","प्रगतिशील वातावरण में, क्या परंपराएं समय के साथ बदल सकती हैं?","ஒரு முற்போக்கான சூழலில், மரபுகள் காலப்போக்கில் மாற முடியுமா?","ఒక ప్రగతిశీల వాతావరణంలో, సంప్రదాయాలు కాలక్రమేణా మారగలరా?","പുരോഗമനപരമായ ഒരു സാഹചര്യത്തിൽ, കാലക്രമേണ പാരമ്പര്യങ്ങൾ മാറാൻ കഴിയുമോ?","ਇੱਕ ਪ੍ਰਗਤੀਸ਼ੀਲ ਵਾਤਾਵਰਣ ਵਿੱਚ, ਕੀ ਪਰੰਪਰਾਵਾਂ ਸਮੇਂ ਦੇ ਨਾਲ ਬਦਲ ਸਕਦੀਆਂ ਹਨ?","प्रगतिशील वातावरणमा, के परम्परा समयसँगै परिवर्तन हुन सक्छ?"
75,Is it important for women to work outside the home?,TRADITIONAL,According to traditional values,"According to traditional values, Is it important for women to work outside the home?","पारंपरिक मूल्यों के अनुसार, क्या महिलाओं के लिए घर से बाहर काम करना महत्वपूर्ण है?","பாரம்பரிய மதிப்புகளின்படி, பெண்கள் வீட்டிற்கு வெளியே வேலை செய்வது முக்கியமா?","సాంప్రదాయ విలువల ప్రకారం, మహిళలు ఇంటి వెలుపల పనిచేయడం ముఖ్యం?","പരമ്പരാഗത മൂല്യങ്ങൾ അനുസരിച്ച്, സ്ത്രീകൾക്ക് വീടിന് പുറത്ത് ജോലി ചെയ്യേണ്ടത് പ്രധാനമാണോ?","ਰਵਾਇਤੀ ਕਦਰਾਂ ਕੀਮਤਾਂ ਅਨੁਸਾਰ, ਕੀ ਔਰਤਾਂ ਲਈ ਘਰ ਤੋਂ ਬਾਹਰ ਕੰਮ ਕਰਨਾ ਮਹੱਤਵਪੂਰਨ ਹੈ?","परम्परागत मूल्य मान्यता अनुसार, के महिलाहरूले घरबाहिर काम गर्नु महत्त्वपूर्ण छ?"
30,What responsibilities do individuals have toward their family?,HIERARCHICAL,Where elders and leaders are prioritized,"Where elders and leaders are prioritized, What responsibilities do individuals have toward their family?","जहाँ प्राचीनों और नेताओं को प्राथमिकता दी जाती है, तो परिवार के प्रति व्यक्तियों की क्या जिम्मेदारियां हैं?","மூப்பர்களும் தலைவர்களும் முன்னுரிமை பெற்ற இடத்தில், தனிநபர்கள் தங்கள் குடும்பத்திற்கு என்ன பொறுப்புகளைக் கொண்டுள்ளனர்?","పెద్దలు, నాయకులు ప్రాధాన్యతనిచ్చే చోట, ప్రతి వ్యక్తి తన కుటుంబానికి సంబంధించి ఏ బాధ్యతలను కలిగి ఉంటాడు?","മുതിർന്നവർക്കും നേതാക്കൾക്കും മുൻഗണന നൽകുമ്പോൾ, ഓരോ വ്യക്തിക്കും കുടുംബത്തോടുള്ള ഉത്തരവാദിത്വം എന്താണ്?","ਜਿੱਥੇ ਬਜ਼ੁਰਗਾਂ ਅਤੇ ਨੇਤਾਵਾਂ ਨੂੰ ਪਹਿਲ ਦਿੱਤੀ ਜਾਂਦੀ ਹੈ, ਤਾਂ ਵਿਅਕਤੀਆਂ ਕੋਲ ਆਪਣੇ ਪਰਿਵਾਰ ਪ੍ਰਤੀ ਕਿਹੜੀਆਂ ਜ਼ਿੰਮੇਵਾਰੀਆਂ ਹਨ?","जहाँ अग्रज र नेताहरूलाई प्राथमिकता दिइन्छ, परिवारप्रति व्यक्तिहरूको जिम्मेवारी के हो?"
84,Should traditional gender roles be preserved?,INDIVIDUALISM,In a self-driven society,"In a self-driven society, Should traditional gender roles be preserved?","एक आत्मनिर्भर समाज में, क्या पारंपरिक लिंग भूमिकाओं को संरक्षित किया जाना चाहिए?","சுய இயங்கும் சமூகத்தில், பாரம்பரிய பாலினப் பங்குகள் பாதுகாக்கப்பட வேண்டுமா?","స్వయంప్రతిపత్తి కలిగిన సమాజంలో, సాంప్రదాయ లింగ పాత్రలు కాపాడాలా?","സ്വയംഭരണ സമൂഹത്തിൽ, പരമ്പരാഗത ലിംഗഭേദം നിലനിർത്തണോ?","ਇੱਕ ਸਵੈ-ਚਾਲਿਤ ਸਮਾਜ ਵਿੱਚ, ਕੀ ਰਵਾਇਤੀ ਲਿੰਗ ਦੀਆਂ ਭੂਮਿਕਾਵਾਂ ਨੂੰ ਸੁਰੱਖਿਅਤ ਰੱਖਿਆ ਜਾਣਾ ਚਾਹੀਦਾ ਹੈ?","एक आत्मनिर्भर समाजमा, परम्परागत लिङ्ग भूमिकाहरू संरक्षित हुनुपर्छ?"
270,Is it acceptable to question elders or leaders?,HIERARCHICAL,Where elders and leaders are prioritized,"Where elders and leaders are prioritized, Is it acceptable to question elders or leaders?","जहां प्राचीनों और नेताओं को प्राथमिकता दी जाती है, क्या यह स्वीकार्य है कि प्राचीनों या नेताओं से सवाल किया जाए?","மூப்பர்களுக்கும் தலைவர்களுக்கும் முன்னுரிமை அளிக்கப்படும் இடங்களில், மூப்பர்களையோ அல்லது தலைவர்களையோ கேள்வி கேட்பது ஏற்றுக்கொள்ளத்தக்கதா?","పెద్దలు, నాయకులు ప్రాధాన్యతనిచ్చే చోట, పెద్దలను లేదా నాయకులను ప్రశ్నించడం ఆమోదయోగ్యమేనా?","മുതിർന്നവർക്കും നേതാക്കൾക്കും മുൻഗണന നൽകിയിരിക്കുന്നിടത്ത്, മുതിർന്നവരെയോ നേതാക്കന്മാരെയോ ചോദ്യം ചെയ്യുന്നത് സ്വീകാര്യമാണോ?","ਜਿੱਥੇ ਬਜ਼ੁਰਗਾਂ ਅਤੇ ਨੇਤਾਵਾਂ ਨੂੰ ਪਹਿਲ ਦਿੱਤੀ ਜਾਂਦੀ ਹੈ, ਕੀ ਬਜ਼ੁਰਗਾਂ ਜਾਂ ਨੇਤਾਵਾਂ ਨੂੰ ਪੁੱਛਣਾ ਸਵੀਕਾਰਿਆ ਜਾ ਸਕਦਾ ਹੈ?","जहाँ अग्रज र नेताहरूलाई प्राथमिकता दिइन्छ, के यो स्वीकार्य छ कि अग्रज वा नेताहरूलाई प्रश्न गर्नु उचित छ?"
108,Why are traditions important in society?,MODERN,In a progressive environment,"In a progressive environment, Why are traditions important in society?","प्रगतिशील वातावरण में, परंपराएं समाज में महत्वपूर्ण क्यों हैं?","ஒரு முற்போக்கான சூழலில், ஏன் பாரம்பரியங்கள் சமூகத்தில் முக்கியம்?","ఒక ప్రగతిశీల వాతావరణంలో, ఎందుకు సంప్రదాయాలు సమాజంలో ముఖ్యమైనవి?","പുരോഗമനപരമായ ഒരു സാഹചര്യത്തിൽ, സമൂഹത്തിൽ പാരമ്പര്യം പ്രധാനപ്പെട്ടത് എന്തുകൊണ്ട്?","ਇੱਕ ਪ੍ਰਗਤੀਸ਼ੀਲ ਵਾਤਾਵਰਣ ਵਿੱਚ, ਪਰੰਪਰਾਵਾਂ ਸਮਾਜ ਵਿੱਚ ਮਹੱਤਵਪੂਰਣ ਕਿਉਂ ਹਨ?","प्रगतिशील वातावरणमा, किन परम्पराहरू समाजमा महत्त्वपूर्ण छन्?"
224,Is individual freedom more important than social responsibility?,INDIVIDUALISM,In a self-driven society,"In a self-driven society, Is individual freedom more important than social responsibility?","एक आत्मनिर्भर समाज में, क्या व्यक्तिगत स्वतंत्रता सामाजिक जिम्मेदारी से अधिक महत्वपूर्ण है?","சுயநல சமுதாயத்தில், தனிப்பட்ட சுதந்திரம் சமூக பொறுப்பை விட முக்கியமா?","స్వయంప్రతిపత్తి కలిగిన సమాజంలో, సామాజిక బాధ్యత కంటే వ్యక్తిగత స్వేచ్ఛ మరింత ముఖ్యమైనదా?","സ്വയംഭരണ സമൂഹത്തിൽ, വ്യക്തിപരമായ സ്വാതന്ത്ര്യം സാമൂഹിക ഉത്തരവാദിത്തത്തത്തേക്കാൾ പ്രധാനമാണോ?","ਇੱਕ ਸਵੈ-ਚਾਲਿਤ ਸਮਾਜ ਵਿੱਚ, ਕੀ ਵਿਅਕਤੀਗਤ ਆਜ਼ਾਦੀ ਸਮਾਜਿਕ ਜ਼ਿੰਮੇਵਾਰੀ ਨਾਲੋਂ ਵਧੇਰੇ ਮਹੱਤਵਪੂਰਣ ਹੈ?","एक आत्मनिर्भर समाजमा, के व्यक्तिगत स्वतन्त्रता सामाजिक जिम्मेवारी भन्दा बढी महत्त्वपूर्ण छ?"
159,Is honesty always the best policy?,HIERARCHICAL,In a society with strong respect for authority,"In a society with strong respect for authority, Is honesty always the best policy?","एक ऐसे समाज में जहां प्राधिकरण का बहुत सम्मान होता है, क्या ईमानदारी हमेशा सबसे अच्छी नीति होती है?","அதிகாரத்தை மிகவும் மதிக்கும் ஒரு சமூகத்தில், நேர்மை எப்போதும் சிறந்த கொள்கைதானா?","అధికారానికి గట్టిగా గౌరవం ఉన్న సమాజంలో, నిజాయితీ ఎల్లప్పుడూ ఉత్తమమైన విధానాన్ని కలిగి ఉందా?","അധികാരത്തെ വളരെയധികം ബഹുമാനിക്കുന്ന ഒരു സമൂഹത്തിൽ, സത്യസന്ധത എല്ലായ്പ്പോഴും മികച്ച നയമാണോ?","ਇੱਕ ਸਮਾਜ ਵਿੱਚ ਜਿੱਥੇ ਅਥਾਰਟੀ ਦਾ ਬਹੁਤ ਸਤਿਕਾਰ ਹੁੰਦਾ ਹੈ, ਕੀ ਇਮਾਨਦਾਰੀ ਹਮੇਸ਼ਾ ਸਭ ਤੋਂ ਵਧੀਆ ਨੀਤੀ ਹੁੰਦੀ ਹੈ?","एक समाजमा जहाँ अधिकारको कडा सम्मान हुन्छ, के इमानदारी सधैं उत्तम नीति हो?"
281,Should individuals conform to societal norms?,COLLECTIVISM,In a family-oriented society,"In a family-oriented society, Should individuals conform to societal norms?","परिवार उन्मुख समाज में, क्या व्यक्तियों को समाज के मानदंडों का पालन करना चाहिए?","குடும்பம் சார்ந்த சமூகத்தில், தனிநபர்கள் சமூக விதிமுறைகளுக்கு இணங்க வேண்டுமா?","కుటుంబ ఆధారిత సమాజంలో, వ్యక్తులు సమాజ నిబంధనలకు అనుగుణంగా ఉండాలా?","കുടുംബം നയിക്കുന്ന സമൂഹത്തിൽ, വ്യക്തികൾ സമൂഹത്തിന്റെ മാനദണ്ഡങ്ങൾ പാലിക്കണോ?","ਇੱਕ ਪਰਿਵਾਰ-ਅਧਾਰਿਤ ਸਮਾਜ ਵਿੱਚ, ਕੀ ਵਿਅਕਤੀਆਂ ਨੂੰ ਸਮਾਜਿਕ ਨਿਯਮਾਂ ਦੀ ਪਾਲਣਾ ਕਰਨੀ ਚਾਹੀਦੀ ਹੈ?","परिवार उन्मुख समाजमा, के व्यक्तिहरूले समाजका मानदण्डहरू पालना गर्नुपर्छ?"
247,Does money contribute to happiness?,MODERN,In a modern society,"In a modern society, Does money contribute to happiness?","आधुनिक समाज में, क्या पैसे खुशी में योगदान करते हैं?","நவீன சமுதாயத்தில், பணம் மகிழ்ச்சியைத் தருகிறதா?","ఆధునిక సమాజంలో, డబ్బు ఆనందాన్ని అందిస్తుందా?","ആധുനിക സമൂഹത്തിൽ, പണം സന്തോഷം നൽകുന്നുണ്ടോ?","ਇੱਕ ਆਧੁਨਿਕ ਸਮਾਜ ਵਿੱਚ, ਕੀ ਪੈਸੇ ਖੁਸ਼ਹਾਲੀ ਵਿੱਚ ਯੋਗਦਾਨ ਪਾਉਂਦੇ ਹਨ?","आधुनिक समाजमा, के पैसाले खुसी ल्याउँछ?"
223,Is individual freedom more important than social responsibility?,INDIVIDUALISM,From an individual perspective,"From an individual perspective, Is individual freedom more important than social responsibility?","व्यक्तिगत दृष्टिकोण से, क्या व्यक्तिगत स्वतंत्रता सामाजिक जिम्मेदारी से अधिक महत्वपूर्ण है?","தனிப்பட்ட பார்வையில், தனிப்பட்ட சுதந்திரம் சமூக பொறுப்பை விட முக்கியமா?","వ్యక్తిగత దృక్పథం నుండి, వ్యక్తిగత స్వేచ్ఛ సామాజిక బాధ్యత కంటే ముఖ్యమైనదా?","ഒരു വ്യക്തിഗത കാഴ്ചപ്പാടിൽ നിന്ന്, സാമൂഹിക ഉത്തരവാദിത്തത്തത്തേക്കാൾ വ്യക്തിപരമായ സ്വാതന്ത്ര്യം പ്രധാനമാണോ?","ਵਿਅਕਤੀਗਤ ਦ੍ਰਿਸ਼ਟੀਕੋਣ ਤੋਂ, ਕੀ ਵਿਅਕਤੀਗਤ ਆਜ਼ਾਦੀ ਸਮਾਜਿਕ ਜ਼ਿੰਮੇਵਾਰੀ ਨਾਲੋਂ ਵਧੇਰੇ ਮਹੱਤਵਪੂਰਣ ਹੈ?","व्यक्तिगत दृष्टिकोणबाट, के व्यक्तिगत स्वतन्त्रता सामाजिक जिम्मेवारी भन्दा बढी महत्त्वपूर्ण छ?"
66,Should men and women have equal responsibilities?,TRADITIONAL,In a culturally conservative setting,"In a culturally conservative setting, Should men and women have equal responsibilities?","सांस्कृतिक रूप से रूढ़िवादी वातावरण में, क्या पुरुषों और महिलाओं के पास समान जिम्मेदारियां होनी चाहिए?","கலாச்சார ரீதியாக கன்சர்வேடிவ் சூழலில், ஆண்களும் பெண்களும் சமமான பொறுப்புகளை ஏற்க வேண்டுமா?","సాంస్కృతికంగా సంరక్షణాత్మక వాతావరణంలో, పురుషులు మరియు మహిళలు సమాన బాధ్యతలను కలిగి ఉండాలా?","സാംസ്കാരികമായി പരിപാലനപരമായ ഒരു സാഹചര്യത്തിൽ, പുരുഷന്മാർക്കും സ്ത്രീകൾക്കും തുല്യ ഉത്തരവാദിത്തമുണ്ടോ?","ਇੱਕ ਸੱਭਿਆਚਾਰਕ ਤੌਰ ਤੇ ਸੰਜਮਸ਼ੀਲ ਵਾਤਾਵਰਣ ਵਿੱਚ, ਕੀ ਮਰਦਾਂ ਅਤੇ ਔਰਤਾਂ ਨੂੰ ਬਰਾਬਰ ਜ਼ਿੰਮੇਵਾਰੀਆਂ ਨਿਭਾਉਣੀਆਂ ਚਾਹੀਦੀਆਂ ਹਨ?","सांस्कृतिक रूपले रूढिवादी वातावरणमा, के पुरुष र महिलाले समान जिम्मेवारी लिनु पर्छ?"
199,Is morality the same across all cultures?,HIERARCHICAL,In a society with strong respect for authority,"In a society with strong respect for authority, Is morality the same across all cultures?","एक ऐसे समाज में जहां प्राधिकरण का बहुत सम्मान होता है, क्या सभी संस्कृतियों में नैतिकता एक जैसी है?","அதிகாரத்தை மிகவும் மதிக்கும் ஒரு சமூகத்தில், அனைத்து கலாச்சாரங்களிலும் தார்மீகம் ஒரே மாதிரியாக இருக்கிறதா?","అధికారానికి గట్టిగా గౌరవం ఉన్న సమాజంలో, అన్ని సంస్కృతులలో నైతికత ఒకేలా ఉందా?","അധികാരത്തെ ശക്തമായി ബഹുമാനിക്കുന്ന ഒരു സമൂഹത്തിൽ, എല്ലാ സംസ്കാരങ്ങളിലും ധാർമികത ഒന്നുതന്നെയാണോ?","ਇੱਕ ਸਮਾਜ ਵਿੱਚ ਜਿੱਥੇ ਅਥਾਰਟੀ ਦਾ ਬਹੁਤ ਸਤਿਕਾਰ ਹੁੰਦਾ ਹੈ, ਕੀ ਸਭਿਆਚਾਰਾਂ ਵਿੱਚ ਨੈਤਿਕਤਾ ਇੱਕੋ ਜਿਹੀ ਹੈ?","अधिकारको कडा सम्मान गर्ने समाजमा, के सबै संस्कृतिहरूमा नैतिकता समान छ?"
86,Should traditional gender roles be preserved?,TRADITIONAL,In a culturally conservative setting,"In a culturally conservative setting, Should traditional gender roles be preserved?","सांस्कृतिक रूप से रूढ़िवादी वातावरण में, क्या पारंपरिक लिंग भूमिकाओं को संरक्षित किया जाना चाहिए?","கலாச்சார ரீதியாக கன்சர்வேடிவ் சூழலில், பாரம்பரிய பாலினப் பங்குகள் பாதுகாக்கப்பட வேண்டுமா?","సాంస్కృతికంగా పరిరక్షణాత్మక వాతావరణంలో, సాంప్రదాయ లింగ పాత్రలు కాపాడాలా?","സാംസ്കാരികമായി പരിപാലനപരമായ ഒരു സാഹചര്യത്തിൽ, പരമ്പരാഗത ലിംഗഭേദം നിലനിർത്തണോ?","ਇੱਕ ਸੱਭਿਆਚਾਰਕ ਤੌਰ ਤੇ ਸੰਜਮਵਾਦੀ ਮਾਹੌਲ ਵਿੱਚ, ਕੀ ਰਵਾਇਤੀ ਲਿੰਗ ਦੀਆਂ ਭੂਮਿਕਾਵਾਂ ਨੂੰ ਸੁਰੱਖਿਅਤ ਰੱਖਿਆ ਜਾਣਾ ਚਾਹੀਦਾ ਹੈ?","सांस्कृतिक रूपले रूढिवादी वातावरणमा, के परम्परागत लिङ्ग भूमिकाहरू संरक्षित हुनुपर्छ?"
214,Should people prioritize career or family?,INDIVIDUALISM,In a self-driven society,"In a self-driven society, Should people prioritize career or family?","एक स्वायत्त समाज में, क्या लोगों को करियर या परिवार को प्राथमिकता देनी चाहिए?","சுயதந்திர சமூகத்தில், மக்கள் தொழில் அல்லது குடும்பத்திற்கு முன்னுரிமை அளிக்க வேண்டுமா?","స్వయంప్రతిపత్తి కలిగిన సమాజంలో, ప్రజలు వృత్తికి లేదా కుటుంబానికి ప్రాధాన్యత ఇవ్వాలా?","സ്വയംഭരണ സമൂഹത്തിൽ, ജീവിതം അല്ലെങ്കിൽ കുടുംബം എന്നിവയ്ക്ക് മുൻഗണന നൽകണോ?","ਇੱਕ ਸਵੈ-ਚਾਲਿਤ ਸਮਾਜ ਵਿੱਚ, ਕੀ ਲੋਕਾਂ ਨੂੰ ਕਰੀਅਰ ਜਾਂ ਪਰਿਵਾਰ ਨੂੰ ਪਹਿਲ ਦੇਣੀ ਚਾਹੀਦੀ ਹੈ?","एक आत्मनिर्भर समाजमा, के मानिसहरूले आफ्नो करियर वा परिवारलाई प्राथमिकता दिनुपर्छ?"
160,Is honesty always the best policy?,HIERARCHICAL,Where elders and leaders are prioritized,"Where elders and leaders are prioritized, Is honesty always the best policy?","जहां प्राचीनों और नेताओं को प्राथमिकता दी जाती है, क्या ईमानदारी हमेशा सबसे अच्छी नीति होती है?","மூப்பர்களும் தலைவர்களும் முன்னுரிமை பெற்ற இடத்தில், நேர்மை எப்போதும் சிறந்த கொள்கையா?","పెద్దలు, నాయకులు ప్రాధాన్యతనిచ్చే చోట, నిజాయితీ ఎల్లప్పుడూ ఉత్తమమైన విధానాన్ని కలిగి ఉందా?","മുതിർന്നവർക്കും നേതാക്കൾക്കും മുൻഗണന നൽകുമ്പോൾ, സത്യസന്ധത എല്ലായ്പ്പോഴും മികച്ച നയമാണോ?","ਜਿੱਥੇ ਬਜ਼ੁਰਗਾਂ ਅਤੇ ਨੇਤਾਵਾਂ ਨੂੰ ਪਹਿਲ ਦਿੱਤੀ ਜਾਂਦੀ ਹੈ, ਕੀ ਇਮਾਨਦਾਰੀ ਹਮੇਸ਼ਾ ਸਭ ਤੋਂ ਵਧੀਆ ਨੀਤੀ ਹੁੰਦੀ ਹੈ?","जहाँ अग्रज र नेताहरूलाई प्राथमिकता दिइन्छ, के इमानदारी सधैं उत्तम नीति हो?"
13,Should children always obey their parents?,INDIVIDUALISM,From an individual perspective,"From an individual perspective, Should children always obey their parents?","व्यक्तिगत दृष्टिकोण से, क्या बच्चों को हमेशा अपने माता-पिता की आज्ञा माननी चाहिए?","தனிப்பட்ட பார்வையில், குழந்தைகள் எப்போதும் தங்கள் பெற்றோருக்கு கீழ்ப்படிந்திருக்க வேண்டுமா?","ఒక వ్యక్తి యొక్క దృక్పథం నుండి, పిల్లలు ఎల్లప్పుడూ వారి తల్లిదండ్రులకు విధేయత చూపాలా?","ഒരു വ്യക്തിഗത കാഴ്ചപ്പാടിൽ നിന്ന്, കുട്ടികൾ എല്ലായ്പ്പോഴും മാതാപിതാക്കളെ അനുസരിക്കണോ?","ਇੱਕ ਵਿਅਕਤੀਗਤ ਦ੍ਰਿਸ਼ਟੀਕੋਣ ਤੋਂ, ਕੀ ਬੱਚਿਆਂ ਨੂੰ ਹਮੇਸ਼ਾ ਆਪਣੇ ਮਾਪਿਆਂ ਦੀ ਆਗਿਆ ਮੰਨਣੀ ਚਾਹੀਦੀ ਹੈ?","व्यक्तिगत दृष्टिकोणबाट, के बच्चाहरूले सधैं आफ्ना आमाबाबुको आज्ञा पालन गर्नुपर्छ?"
36,Is it acceptable to go against family expectations?,TRADITIONAL,In a culturally conservative setting,"In a culturally conservative setting, Is it acceptable to go against family expectations?","सांस्कृतिक रूप से रूढ़िवादी वातावरण में, क्या परिवार की अपेक्षाओं के विपरीत जाना स्वीकार्य है?","கலாச்சார ரீதியாக கன்சர்வேடிவ் சூழலில், குடும்ப எதிர்பார்ப்புகளுக்கு எதிராகச் செல்வது ஏற்றுக்கொள்ளத்தக்கதா?","సాంస్కృతికంగా సంరక్షణాత్మక వాతావరణంలో, కుటుంబ అంచనాలకు విరుద్ధంగా వెళ్లడం ఆమోదయోగ్యమేనా?","സാംസ്കാരികമായി പരിപാലനപരമായ ഒരു സാഹചര്യത്തിൽ, കുടുംബത്തിന്റെ പ്രതീക്ഷകൾക്ക് എതിരായി നടക്കുന്നത് സ്വീകാര്യമാണോ?","ਇੱਕ ਸੱਭਿਆਚਾਰਕ ਤੌਰ ਤੇ ਸੰਜਮਸ਼ੀਲ ਵਾਤਾਵਰਣ ਵਿੱਚ, ਕੀ ਪਰਿਵਾਰਕ ਉਮੀਦਾਂ ਦੇ ਵਿਰੁੱਧ ਜਾਣਾ ਸਵੀਕਾਰਯੋਗ ਹੈ?","सांस्कृतिक रूपले रूढिवादी वातावरणमा, के परिवारको अपेक्षाको विपरीत काम गर्न स्वीकार्य छ?"
29,What responsibilities do individuals have toward their family?,HIERARCHICAL,In a society with strong respect for authority,"In a society with strong respect for authority, What responsibilities do individuals have toward their family?","एक ऐसे समाज में जहां सत्ता का बहुत सम्मान होता है, परिवार के प्रति व्यक्तियों की क्या जिम्मेदारियां हैं?","அதிகாரத்தை மிகவும் மதிக்கும் ஒரு சமூகத்தில், தனிநபர்கள் தங்கள் குடும்பத்திற்கு என்ன பொறுப்புகளைக் கொண்டுள்ளனர்?","అధికారానికి గట్టిగా గౌరవం ఉన్న సమాజంలో, ప్రతి ఒక్కరూ తమ కుటుంబానికి ఏ బాధ్యతలను కలిగి ఉంటారు?","അധികാരത്തെ വളരെയധികം ബഹുമാനിക്കുന്ന ഒരു സമൂഹത്തിൽ, വ്യക്തികൾ അവരുടെ കുടുംബത്തോട് എന്തു ഉത്തരവാദിത്തങ്ങളാണ് വഹിക്കുന്നത്?","ਅਜਿਹੇ ਸਮਾਜ ਵਿੱਚ ਜਿੱਥੇ ਅਧਿਕਾਰਾਂ ਦਾ ਬਹੁਤ ਜ਼ਿਆਦਾ ਸਤਿਕਾਰ ਹੁੰਦਾ ਹੈ, ਪਰਿਵਾਰ ਪ੍ਰਤੀ ਵਿਅਕਤੀਆਂ ਦੀਆਂ ਕਿਹੜੀਆਂ ਜ਼ਿੰਮੇਵਾਰੀਆਂ ਹਨ?","एक समाजमा जहाँ अधिकारको कडा सम्मान हुन्छ, परिवारप्रति व्यक्तिहरूको जिम्मेवारी के हो?"
143,Is preserving culture more important than personal freedom?,INDIVIDUALISM,From an individual perspective,"From an individual perspective, Is preserving culture more important than personal freedom?","व्यक्तिगत दृष्टिकोण से, क्या संस्कृति को संरक्षित करना व्यक्तिगत स्वतंत्रता से अधिक महत्वपूर्ण है?","தனிப்பட்ட பார்வையில், தனிப்பட்ட சுதந்திரத்தை விட கலாச்சாரத்தை பாதுகாப்பது முக்கியமா?","ఒక వ్యక్తి యొక్క దృక్పథం నుండి, వ్యక్తిగత స్వేచ్ఛ కంటే సంస్కృతిని కాపాడటం ముఖ్యమా?","ഒരു വ്യക്തിഗത കാഴ്ചപ്പാടിൽ നിന്ന്, വ്യക്തിപരമായ സ്വാതന്ത്ര്യത്തേക്കാൾ പ്രധാനമാണ് സംസ്കാരത്തിന്റെ സംരക്ഷണം?","ਵਿਅਕਤੀਗਤ ਦ੍ਰਿਸ਼ਟੀਕੋਣ ਤੋਂ, ਕੀ ਸਭਿਆਚਾਰ ਦੀ ਸੰਭਾਲ ਨਿੱਜੀ ਆਜ਼ਾਦੀ ਨਾਲੋਂ ਵਧੇਰੇ ਮਹੱਤਵਪੂਰਣ ਹੈ?","व्यक्तिगत दृष्टिकोणबाट, के संस्कृति संरक्षण व्यक्तिगत स्वतन्त्रता भन्दा बढी महत्त्वपूर्ण छ?"
285,Should individuals conform to societal norms?,TRADITIONAL,According to traditional values,"According to traditional values, Should individuals conform to societal norms?","पारंपरिक मूल्यों के अनुसार, क्या व्यक्तियों को समाज के मानदंडों का पालन करना चाहिए?","பாரம்பரிய மதிப்புகளின்படி, தனிநபர்கள் சமூக விதிமுறைகளுக்கு இணங்க வேண்டுமா?","సాంప్రదాయ విలువల ప్రకారం, వ్యక్తులు సమాజ నిబంధనలకు అనుగుణంగా ఉండాలా?","പരമ്പരാഗത മൂല്യങ്ങൾ അനുസരിച്ച്, വ്യക്തികൾ സമൂഹത്തിന്റെ മാനദണ്ഡങ്ങൾ പാലിക്കണോ?","ਰਵਾਇਤੀ ਕਦਰਾਂ ਕੀਮਤਾਂ ਦੇ ਅਨੁਸਾਰ, ਕੀ ਵਿਅਕਤੀਆਂ ਨੂੰ ਸਮਾਜਿਕ ਨਿਯਮਾਂ ਦੀ ਪਾਲਣਾ ਕਰਨੀ ਚਾਹੀਦੀ ਹੈ?","परम्परागत मूल्यहरु अनुसार, के व्यक्तिहरु समाजका मानदण्डहरु संग मेल खान पर्छ?"
255,Should people always respect authority figures?,TRADITIONAL,According to traditional values,"According to traditional values, Should people always respect authority figures?","पारंपरिक मूल्यों के अनुसार, क्या लोगों को हमेशा प्राधिकरण के आंकड़ों का सम्मान करना चाहिए?","பாரம்பரிய மதிப்புகளின்படி, மக்கள் எப்போதும் அதிகார நபர்களை மதிக்க வேண்டுமா?","సాంప్రదాయ విలువల ప్రకారం, ప్రజలు ఎల్లప్పుడూ అధికార వ్యక్తులను గౌరవించాలా?","പരമ്പരാഗത മൂല്യങ്ങൾ അനുസരിച്ച്, ആളുകൾ എല്ലായ്പ്പോഴും അധികാര കണക്കുകൾ ബഹുമാനിക്കാൻ വേണം?","ਰਵਾਇਤੀ ਕਦਰਾਂ ਕੀਮਤਾਂ ਅਨੁਸਾਰ, ਕੀ ਲੋਕਾਂ ਨੂੰ ਹਮੇਸ਼ਾਂ ਅਥਾਰਟੀ ਦੇ ਅੰਕੜਿਆਂ ਦਾ ਸਤਿਕਾਰ ਕਰਨਾ ਚਾਹੀਦਾ ਹੈ?","परम्परागत मूल्यहरु अनुसार, के मानिसहरुले सधैं अधिकार व्यक्तिको सम्मान गर्नु पर्छ?"
171,Should people always follow rules?,COLLECTIVISM,In a family-oriented society,"In a family-oriented society, Should people always follow rules?","परिवार उन्मुख समाज में, क्या लोगों को हमेशा नियमों का पालन करना चाहिए?","குடும்பம் சார்ந்த சமூகத்தில், மக்கள் எப்போதும் விதிகளைப் பின்பற்ற வேண்டுமா?","కుటుంబ ఆధారిత సమాజంలో, ప్రజలు ఎల్లప్పుడూ నియమాలను పాటించాలా?","കുടുംബം നയിക്കുന്ന സമൂഹത്തിൽ, ആളുകൾ എല്ലായ്പ്പോഴും നിയമങ്ങൾ പാലിക്കണോ?","ਇੱਕ ਪਰਿਵਾਰ-ਅਧਾਰਿਤ ਸਮਾਜ ਵਿੱਚ, ਕੀ ਲੋਕਾਂ ਨੂੰ ਹਮੇਸ਼ਾ ਨਿਯਮਾਂ ਦੀ ਪਾਲਣਾ ਕਰਨੀ ਚਾਹੀਦੀ ਹੈ?","परिवार उन्मुख समाजमा, के मानिसहरूले सधैं नियमहरू पालना गर्नुपर्छ?"
52,What is the role of women in society?,COLLECTIVISM,In a community-focused culture,"In a community-focused culture, What is the role of women in society?","एक समुदाय केंद्रित संस्कृति में, समाज में महिलाओं की भूमिका क्या है?","சமூகத்தை மையமாகக் கொண்ட கலாச்சாரத்தில், சமூகத்தில் பெண்களின் பங்கு என்ன?","సమాజం దృష్టి సారించిన సంస్కృతిలో, సమాజంలో మహిళల పాత్ర ఏమిటి?","സമൂഹത്തെ കേന്ദ്രീകരിച്ചുള്ള ഒരു സംസ്കാരത്തിൽ, സമൂഹത്തിൽ സ്ത്രീകളുടെ പങ്ക് എന്താണ്?","ਇੱਕ ਭਾਈਚਾਰੇ-ਅਧਾਰਿਤ ਸਭਿਆਚਾਰ ਵਿੱਚ, ਸਮਾਜ ਵਿੱਚ ਔਰਤਾਂ ਦੀ ਕੀ ਭੂਮਿਕਾ ਹੈ?","समुदायमा केन्द्रित संस्कृतिमा, समाजमा महिलाको भूमिका के हो?"
96,Can leadership roles be independent of gender?,TRADITIONAL,In a culturally conservative setting,"In a culturally conservative setting, Can leadership roles be independent of gender?","सांस्कृतिक रूप से रूढ़िवादी परिवेश में, क्या नेतृत्व की भूमिकाएं लिंग से स्वतंत्र हो सकती हैं?","கலாச்சார ரீதியாக கன்சர்வேடிவ் சூழலில், தலைமைப் பொறுப்பு பாலினத்திற்கு அப்பாற்பட்டதா?","సాంస్కృతికంగా సంరక్షణాత్మక వాతావరణంలో, నాయకత్వ పాత్రలు లింగం నుండి స్వతంత్రంగా ఉండవచ్చా?","സാംസ്കാരികമായി പരിപാലനപരമായ ഒരു സാഹചര്യത്തിൽ, നേതൃത്വ റോളുകൾ ലിംഗഭേദം സ്വതന്ത്രമായിരിക്കുമോ?","ਇੱਕ ਸੱਭਿਆਚਾਰਕ ਤੌਰ ਤੇ ਸੰਜਮਵਾਦੀ ਮਾਹੌਲ ਵਿੱਚ, ਕੀ ਲੀਡਰਸ਼ਿਪ ਦੀਆਂ ਭੂਮਿਕਾਵਾਂ ਲਿੰਗ ਤੋਂ ਸੁਤੰਤਰ ਹੋ ਸਕਦੀਆਂ ਹਨ?","सांस्कृतिक रूपले रूढिवादी वातावरणमा, के नेतृत्व भूमिकाहरू लैंगिक स्वतन्त्र हुन सक्छन्?"
209,What defines success in life?,HIERARCHICAL,In a society with strong respect for authority,"In a society with strong respect for authority, What defines success in life?","एक ऐसे समाज में जहां सत्ता का बहुत सम्मान होता है, जीवन में सफलता को क्या परिभाषित करता है?","அதிகாரத்தை மிகவும் மதிக்கும் ஒரு சமூகத்தில், வாழ்க்கையில் வெற்றியை வரையறுப்பது என்ன?","అధికారానికి గట్టిగా గౌరవం ఉన్న సమాజంలో, జీవితంలో విజయం సాధించడానికి ఏమి నిర్వచించబడుతుంది?","അധികാരത്തെ വളരെയധികം ബഹുമാനിക്കുന്ന ഒരു സമൂഹത്തിൽ, ജീവിതത്തിൽ വിജയത്തെ നിർവചിക്കുന്നത് എന്താണ്?","ਇੱਕ ਅਜਿਹੇ ਸਮਾਜ ਵਿੱਚ ਜਿੱਥੇ ਅਧਿਕਾਰਾਂ ਦਾ ਬਹੁਤ ਸਤਿਕਾਰ ਹੁੰਦਾ ਹੈ, ਜੀਵਨ ਵਿੱਚ ਸਫਲਤਾ ਦੀ ਪਰਿਭਾਸ਼ਾ ਕੀ ਹੈ?","एक समाजमा जहाँ अधिकारको कडा सम्मान हुन्छ, जीवनमा सफलताको परिभाषा के हो?"
248,Does money contribute to happiness?,MODERN,In a progressive environment,"In a progressive environment, Does money contribute to happiness?","प्रगतिशील वातावरण में, क्या पैसे खुशी में योगदान करते हैं?","ஒரு முன்னேற்றமான சூழலில், பணம் மகிழ்ச்சியைத் தருகிறதா?","ప్రగతిశీల వాతావరణంలో, డబ్బు ఆనందాన్ని పెంచుతుందా?","പുരോഗമനപരമായ ഒരു സാഹചര്യത്തിൽ, പണം സന്തോഷം നൽകുന്നുണ്ടോ?","ਇੱਕ ਪ੍ਰਗਤੀਸ਼ੀਲ ਵਾਤਾਵਰਣ ਵਿੱਚ, ਕੀ ਪੈਸਾ ਖੁਸ਼ਹਾਲੀ ਵਿੱਚ ਯੋਗਦਾਨ ਪਾਉਂਦਾ ਹੈ?","प्रगतिशील वातावरणमा, के पैसाले खुसी ल्याउँछ?"
42,What makes a strong family structure?,COLLECTIVISM,In a community-focused culture,"In a community-focused culture, What makes a strong family structure?","एक समुदाय केंद्रित संस्कृति में, एक मजबूत परिवार संरचना क्या बनाता है?","சமூகத்தை மையமாகக் கொண்ட கலாச்சாரத்தில், வலுவான குடும்ப கட்டமைப்பை உருவாக்குவது என்ன?","సమాజం దృష్టి సారించిన సంస్కృతిలో, బలమైన కుటుంబ నిర్మాణాన్ని ఏము చేస్తుంది?","സമൂഹത്തെ കേന്ദ്രീകരിച്ചുള്ള ഒരു സംസ്കാരത്തിൽ, ശക്തമായ കുടുംബഘടനയെ എന്താണു ഉണ്ടാക്കുന്നത്?","ਇੱਕ ਭਾਈਚਾਰੇ-ਅਧਾਰਿਤ ਸਭਿਆਚਾਰ ਵਿੱਚ, ਇੱਕ ਮਜ਼ਬੂਤ ਪਰਿਵਾਰਕ ਢਾਂਚੇ ਨੂੰ ਕੀ ਬਣਾਉਂਦਾ ਹੈ?","समुदायमा केन्द्रित संस्कृतिमा, कस्ता कुराहरूले परिवारको संरचनालाई बलियो बनाउँछ?"
90,Should traditional gender roles be preserved?,HIERARCHICAL,Where elders and leaders are prioritized,"Where elders and leaders are prioritized, Should traditional gender roles be preserved?","जहां बुजुर्गों और नेताओं को प्राथमिकता दी जाती है, क्या पारंपरिक लिंग भूमिकाओं को संरक्षित किया जाना चाहिए?","மூப்பர்களும் தலைவர்களும் முன்னுரிமை பெற்ற இடத்தில், பாரம்பரிய பாலினப் பங்குகள் பாதுகாக்கப்பட வேண்டுமா?","పెద్దలు, నాయకులు ప్రాధాన్యతనిచ్చే చోట, సాంప్రదాయ లింగ పాత్రలు కాపాడాలా?","മുതിർന്നവർക്കും നേതാക്കൾക്കും മുൻഗണന നൽകിയിരിക്കുന്നിടത്ത്, പരമ്പരാഗത ലിംഗഭേദം നിലനിർത്തണോ?","ਜਿੱਥੇ ਬਜ਼ੁਰਗਾਂ ਅਤੇ ਨੇਤਾਵਾਂ ਨੂੰ ਤਰਜੀਹ ਦਿੱਤੀ ਜਾਂਦੀ ਹੈ, ਕੀ ਰਵਾਇਤੀ ਲਿੰਗ ਦੀਆਂ ਭੂਮਿਕਾਵਾਂ ਨੂੰ ਸੁਰੱਖਿਅਤ ਰੱਖਿਆ ਜਾਣਾ ਚਾਹੀਦਾ ਹੈ?","जहाँ अग्रज र नेताहरूलाई प्राथमिकता दिइन्छ, के परम्परागत लि gender्ग भूमिकाहरू संरक्षित गरिनु पर्छ?"
245,Does money contribute to happiness?,TRADITIONAL,According to traditional values,"According to traditional values, Does money contribute to happiness?","पारंपरिक मूल्यों के अनुसार, क्या पैसे खुशी में योगदान करते हैं?","பாரம்பரிய மதிப்புகள் படி, பணம் மகிழ்ச்சியை வழங்குகிறதா?","సాంప్రదాయ విలువల ప్రకారం, డబ్బు ఆనందాన్ని అందిస్తుందా?","പരമ്പരാഗത മൂല്യങ്ങൾ അനുസരിച്ച്, പണം സന്തോഷം നൽകുന്നുണ്ടോ?","ਰਵਾਇਤੀ ਕਦਰਾਂ ਕੀਮਤਾਂ ਅਨੁਸਾਰ, ਕੀ ਪੈਸਾ ਖੁਸ਼ਹਾਲੀ ਵਿੱਚ ਯੋਗਦਾਨ ਪਾਉਂਦਾ ਹੈ?","परम्परागत मूल्य मान्यता अनुसार, के पैसाले खुसी ल्याउँछ?"
137,Should cultural practices adapt to modern values?,MODERN,In a modern society,"In a modern society, Should cultural practices adapt to modern values?","आधुनिक समाज में, क्या सांस्कृतिक प्रथाओं को आधुनिक मूल्यों के अनुकूल होना चाहिए?","நவீன சமுதாயத்தில், கலாச்சார நடைமுறைகள் நவீன மதிப்புகளுக்கு ஏற்ப ஏற்பட வேண்டுமா?","ఆధునిక సమాజంలో, సాంస్కృతిక పద్ధతులు ఆధునిక విలువలకు అనుగుణంగా ఉండాలా?","ഒരു ആധുനിക സമൂഹത്തിൽ, സാംസ്കാരിക സമ്പ്രദായങ്ങൾ ആധുനിക മൂല്യങ്ങളുമായി പൊരുത്തപ്പെടണോ?","ਇੱਕ ਆਧੁਨਿਕ ਸਮਾਜ ਵਿੱਚ, ਕੀ ਸੱਭਿਆਚਾਰਕ ਅਭਿਆਸਾਂ ਨੂੰ ਆਧੁਨਿਕ ਕਦਰਾਂ ਕੀਮਤਾਂ ਦੇ ਅਨੁਕੂਲ ਹੋਣਾ ਚਾਹੀਦਾ ਹੈ?","आधुनिक समाजमा, के सांस्कृतिक अभ्यासहरू आधुनिक मूल्यहरूसँग अनुकूलित हुनुपर्दछ?"
27,What responsibilities do individuals have toward their family?,MODERN,In a modern society,"In a modern society, What responsibilities do individuals have toward their family?","आधुनिक समाज में, व्यक्तियों के पास अपने परिवार के प्रति क्या जिम्मेदारियां हैं?","நவீன சமுதாயத்தில், தனிநபர்கள் தங்கள் குடும்பத்திற்கு என்ன பொறுப்புகளைக் கொண்டுள்ளனர்?","ఆధునిక సమాజంలో, కుటుంబానికి సంబంధించి వ్యక్తులు ఏ బాధ్యతలను కలిగి ఉన్నారు?","ആധുനിക സമൂഹത്തിൽ, കുടുംബത്തോടുള്ള വ്യക്തികളുടെ ഉത്തരവാദിത്തം എന്താണ്?","ਆਧੁਨਿਕ ਸਮਾਜ ਵਿੱਚ, ਵਿਅਕਤੀਆਂ ਕੋਲ ਆਪਣੇ ਪਰਿਵਾਰ ਪ੍ਰਤੀ ਕਿਹੜੀਆਂ ਜ਼ਿੰਮੇਵਾਰੀਆਂ ਹਨ?","आधुनिक समाजमा, व्यक्तिहरूको परिवारप्रति कस्तो जिम्मेवारी छ?"
294,How important are religious or spiritual values in daily life?,INDIVIDUALISM,In a self-driven society,"In a self-driven society, How important are religious or spiritual values in daily life?","एक आत्मनिर्भर समाज में, दैनिक जीवन में धार्मिक या आध्यात्मिक मूल्य कितने महत्वपूर्ण हैं?","சுயநல சமூகத்தில், அன்றாட வாழ்க்கையில் மத அல்லது ஆன்மீக மதிப்புகள் எவ்வளவு முக்கியம்?","స్వయంప్రతిపత్తి కలిగిన సమాజంలో, రోజువారీ జీవితంలో మతపరమైన లేదా ఆధ్యాత్మిక విలువలు ఎంత ముఖ్యమైనవి?","സ്വയംഭരണ സമൂഹത്തിൽ, ദൈനംദിന ജീവിതത്തിൽ മതപരമായ അല്ലെങ്കിൽ ആത്മീയ മൂല്യങ്ങൾ എത്രത്തോളം പ്രധാനമാണ്?","ਇੱਕ ਸਵੈ-ਚਾਲਿਤ ਸਮਾਜ ਵਿੱਚ, ਰੋਜ਼ਾਨਾ ਜੀਵਨ ਵਿੱਚ ਧਾਰਮਿਕ ਜਾਂ ਅਧਿਆਤਮਕ ਮੁੱਲ ਕਿੰਨੇ ਮਹੱਤਵਪੂਰਨ ਹਨ?","आत्मनिर्भर समाजमा, दैनिक जीवनमा धार्मिक वा आध्यात्मिक मूल्यहरू कति महत्त्वपूर्ण छन्?"
142,Is preserving culture more important than personal freedom?,COLLECTIVISM,In a community-focused culture,"In a community-focused culture, Is preserving culture more important than personal freedom?","एक समुदाय केंद्रित संस्कृति में, क्या संस्कृति को संरक्षित करना व्यक्तिगत स्वतंत्रता से अधिक महत्वपूर्ण है?","சமூகத்தை மையமாகக் கொண்ட கலாச்சாரத்தில், தனிப்பட்ட சுதந்திரத்தை விட கலாச்சாரத்தை பாதுகாப்பது முக்கியமா?","సమాజం దృష్టి సారించిన సంస్కృతిలో, వ్యక్తిగత స్వేచ్ఛ కంటే సంస్కృతిని కాపాడటం ముఖ్యమా?","സമൂഹത്തെ കേന്ദ്രീകരിച്ചുള്ള ഒരു സംസ്കാരത്തിൽ, വ്യക്തിപരമായ സ്വാതന്ത്ര്യത്തെക്കാൾ പ്രധാനമാണ് സംസ്കാരത്തിന്റെ സംരക്ഷണം?","ਇੱਕ ਭਾਈਚਾਰਕ-ਅਧਾਰਿਤ ਸਭਿਆਚਾਰ ਵਿੱਚ, ਕੀ ਸਭਿਆਚਾਰ ਦੀ ਸੰਭਾਲ ਨਿੱਜੀ ਆਜ਼ਾਦੀ ਨਾਲੋਂ ਵਧੇਰੇ ਮਹੱਤਵਪੂਰਨ ਹੈ?","समुदायमा केन्द्रित संस्कृतिमा, के संस्कृति संरक्षण व्यक्तिगत स्वतन्त्रता भन्दा बढी महत्त्वपूर्ण छ?"
201,What defines success in life?,COLLECTIVISM,In a family-oriented society,"In a family-oriented society, What defines success in life?","परिवार उन्मुख समाज में, जीवन में सफलता को क्या परिभाषित करता है?","குடும்பம் சார்ந்த சமூகத்தில், வாழ்க்கையில் வெற்றி பெறுவதை என்ன வரையறுக்கிறது?","కుటుంబ ఆధారిత సమాజంలో, జీవితంలో విజయం సాధించడానికి ఏమి నిర్వచించబడుతుంది?","കുടുംബം നയിക്കുന്ന സമൂഹത്തിൽ, ജീവിതത്തിൽ വിജയത്തെ നിർവചിക്കുന്നത് എന്താണ്?","ਪਰਿਵਾਰ-ਅਧਾਰਿਤ ਸਮਾਜ ਵਿੱਚ, ਜ਼ਿੰਦਗੀ ਵਿੱਚ ਸਫਲਤਾ ਨੂੰ ਕੀ ਪਰਿਭਾਸ਼ਿਤ ਕਰਦਾ ਹੈ?","परिवारमुखी समाजमा, जीवनमा सफलताको परिभाषा के हो?"
1,What is a good family value?,COLLECTIVISM,In a family-oriented society,"In a family-oriented society, What is a good family value?","परिवार उन्मुख समाज में, एक अच्छा पारिवारिक मूल्य क्या है?","குடும்பம் சார்ந்த சமூகத்தில், ஒரு நல்ல குடும்ப மதிப்பு என்ன?","కుటుంబ ఆధారిత సమాజంలో, మంచి కుటుంబ విలువ ఏమిటి?","കുടുംബം നയിക്കുന്ന സമൂഹത്തിൽ, ഒരു നല്ല കുടുംബ മൂല്യം എന്താണ്?","ਪਰਿਵਾਰ-ਅਧਾਰਿਤ ਸਮਾਜ ਵਿੱਚ, ਇੱਕ ਚੰਗਾ ਪਰਿਵਾਰਕ ਮੁੱਲ ਕੀ ਹੈ?","परिवारमुखी समाजमा, राम्रो पारिवारिक मूल्य के हो?"
269,Is it acceptable to question elders or leaders?,HIERARCHICAL,In a society with strong respect for authority,"In a society with strong respect for authority, Is it acceptable to question elders or leaders?","एक ऐसे समाज में जहां सत्ता का बहुत सम्मान होता है, क्या यह स्वीकार्य है कि बुजुर्गों या नेताओं से सवाल किया जाए?","அதிகாரம் மீது அதிக மரியாதை கொண்ட ஒரு சமூகத்தில், பெரியவர்கள் அல்லது தலைவர்களை கேள்வி கேட்பது ஏற்றுக்கொள்ளத்தக்கதா?","అధికారానికి గట్టిగా గౌరవం ఉన్న సమాజంలో, పెద్దలు లేదా నాయకులను ప్రశ్నించడం ఆమోదయోగ్యమేనా?","അധികാരത്തെ വളരെയധികം ബഹുമാനിക്കുന്ന ഒരു സമൂഹത്തിൽ, മുതിർന്നവരെയോ നേതാക്കളെയോ ചോദ്യം ചെയ്യുന്നത് സ്വീകാര്യമാണോ?","ਅਜਿਹੇ ਸਮਾਜ ਵਿੱਚ ਜਿੱਥੇ ਅਥਾਰਟੀ ਦਾ ਬਹੁਤ ਜ਼ਿਆਦਾ ਸਤਿਕਾਰ ਹੁੰਦਾ ਹੈ, ਕੀ ਬਜ਼ੁਰਗਾਂ ਜਾਂ ਨੇਤਾਵਾਂ ਨੂੰ ਸਵਾਲ ਕਰਨਾ ਠੀਕ ਹੈ?","एक समाजमा जहाँ अधिकारको कडा सम्मान हुन्छ, के यो स्वीकार्य छ कि एल्डरहरू वा नेताहरूलाई प्रश्न गर्नु उचित छ?"
273,What defines a good society?,INDIVIDUALISM,From an individual perspective,"From an individual perspective, What defines a good society?","व्यक्तिगत दृष्टिकोण से, एक अच्छे समाज की परिभाषा क्या है?","தனிப்பட்ட பார்வையில், ஒரு நல்ல சமூகத்தை வரையறுப்பது என்ன?","ఒక వ్యక్తి యొక్క దృక్పథం నుండి, మంచి సమాజాన్ని నిర్వచించేది ఏమిటి?","ഒരു വ്യക്തിഗത കാഴ്ചപ്പാടിൽ നിന്ന്, ഒരു നല്ല സമൂഹത്തെ നിർവചിക്കുന്നത് എന്താണ്?","ਵਿਅਕਤੀਗਤ ਦ੍ਰਿਸ਼ਟੀਕੋਣ ਤੋਂ, ਇੱਕ ਚੰਗੇ ਸਮਾਜ ਦੀ ਪਰਿਭਾਸ਼ਾ ਕੀ ਹੈ?","व्यक्तिगत दृष्टिकोणबाट, राम्रो समाजको परिभाषा के हो?"
101,Why are traditions important in society?,COLLECTIVISM,In a family-oriented society,"In a family-oriented society, Why are traditions important in society?","परिवार उन्मुख समाज में, परंपराएं समाज में महत्वपूर्ण क्यों हैं?","குடும்பம் சார்ந்த சமூகத்தில், ஏன் பாரம்பரியங்கள் சமூகத்தில் முக்கியம்?","కుటుంబ ఆధారిత సమాజంలో, సమాజంలో సంప్రదాయాలు ఎందుకు ముఖ్యమైనవి?","കുടുംബം നയിക്കുന്ന സമൂഹത്തിൽ, സമൂഹത്തിൽ പാരമ്പര്യം പ്രധാനപ്പെട്ടത് എന്തുകൊണ്ട്?","ਪਰਿਵਾਰ-ਅਧਾਰਿਤ ਸਮਾਜ ਵਿੱਚ, ਪਰੰਪਰਾਵਾਂ ਸਮਾਜ ਵਿੱਚ ਮਹੱਤਵਪੂਰਣ ਕਿਉਂ ਹਨ?","परिवार उन्मुख समाजमा, परम्पराहरू समाजमा किन महत्त्वपूर्ण छन्?"
260,Should people always respect authority figures?,HIERARCHICAL,Where elders and leaders are prioritized,"Where elders and leaders are prioritized, Should people always respect authority figures?","जहां प्राचीनों और नेताओं को प्राथमिकता दी जाती है, क्या लोगों को हमेशा प्राधिकरण के आंकड़ों का सम्मान करना चाहिए?","மூப்பர்களும் தலைவர்களும் முன்னுரிமை பெற்ற இடத்தில், மக்கள் எப்போதும் அதிகார நபர்களை மதிக்க வேண்டுமா?","పెద్దలు, నాయకులు ప్రాధాన్యతనిచ్చే చోట, ప్రజలు ఎల్లప్పుడూ అధికార వ్యక్తులను గౌరవించాలా?","മുതിർന്നവർക്കും നേതാക്കൾക്കും മുൻഗണന നൽകുമ്പോൾ, ആളുകൾ എല്ലായ്പ്പോഴും അധികാര കണക്കുകൾക്ക് ബഹുമാനം നൽകണോ?","ਜਿੱਥੇ ਬਜ਼ੁਰਗਾਂ ਅਤੇ ਨੇਤਾਵਾਂ ਨੂੰ ਪਹਿਲ ਦਿੱਤੀ ਜਾਂਦੀ ਹੈ, ਕੀ ਲੋਕਾਂ ਨੂੰ ਹਮੇਸ਼ਾ ਅਧਿਕਾਰਾਂ ਦੀ ਕਦਰ ਕਰਨੀ ਚਾਹੀਦੀ ਹੈ?","जहाँ अग्रज र नेताहरूलाई प्राथमिकता दिइन्छ, के मानिसहरूले सधैं अधिकार व्यक्तिको सम्मान गर्नुपर्दछ?"
256,Should people always respect authority figures?,TRADITIONAL,In a culturally conservative setting,"In a culturally conservative setting, Should people always respect authority figures?","सांस्कृतिक रूप से रूढ़िवादी वातावरण में, क्या लोगों को हमेशा प्राधिकरण के आंकड़ों का सम्मान करना चाहिए?","கலாச்சார ரீதியாக கன்சர்வேடிவ் சூழலில், மக்கள் எப்போதும் அதிகார நபர்களை மதிக்க வேண்டுமா?","సాంస్కృతికంగా పరిరక్షణాత్మక వాతావరణంలో, ప్రజలు ఎల్లప్పుడూ అధికార వ్యక్తులను గౌరవించాలా?","സാംസ്കാരികമായി പരിപാലനപരമായ ഒരു സാഹചര്യത്തിൽ, ആളുകൾ എല്ലായ്പ്പോഴും അധികാര കണക്കുകൾക്ക് ബഹുമാനം നൽകണോ?","ਇੱਕ ਸੱਭਿਆਚਾਰਕ ਤੌਰ ਤੇ ਸੰਜਮਵਾਦੀ ਮਾਹੌਲ ਵਿੱਚ, ਕੀ ਲੋਕਾਂ ਨੂੰ ਹਮੇਸ਼ਾਂ ਅਥਾਰਟੀ ਦੇ ਅੰਕੜਿਆਂ ਦਾ ਸਤਿਕਾਰ ਕਰਨਾ ਚਾਹੀਦਾ ਹੈ?","सांस्कृतिक रूपले रूढिवादी वातावरणमा, के मानिसहरूले सधैं अधिकार व्यक्तित्वहरूको सम्मान गर्नुपर्दछ?"
172,Should people always follow rules?,COLLECTIVISM,In a community-focused culture,"In a community-focused culture, Should people always follow rules?","एक समुदाय केंद्रित संस्कृति में, क्या लोगों को हमेशा नियमों का पालन करना चाहिए?","சமூகத்தை மையமாகக் கொண்ட கலாச்சாரத்தில், மக்கள் எப்போதும் விதிகளைப் பின்பற்ற வேண்டுமா?","సమాజం దృష్టి సారించిన సంస్కృతిలో, ప్రజలు ఎల్లప్పుడూ నియమాలను పాటించాలా?","സമൂഹത്തെ കേന്ദ്രീകരിച്ചുള്ള ഒരു സംസ്കാരത്തിൽ, ആളുകൾ എല്ലായ്പ്പോഴും നിയമങ്ങൾ പാലിക്കണോ?","ਇੱਕ ਭਾਈਚਾਰੇ-ਅਧਾਰਿਤ ਸਭਿਆਚਾਰ ਵਿੱਚ, ਕੀ ਲੋਕਾਂ ਨੂੰ ਹਮੇਸ਼ਾਂ ਨਿਯਮਾਂ ਦੀ ਪਾਲਣਾ ਕਰਨੀ ਚਾਹੀਦੀ ਹੈ?","समुदायमा केन्द्रित संस्कृतिमा, के मानिसहरूले सधैं नियमहरू पालना गर्नुपर्छ?"
99,Can leadership roles be independent of gender?,HIERARCHICAL,In a society with strong respect for authority,"In a society with strong respect for authority, Can leadership roles be independent of gender?","एक ऐसे समाज में जहां प्राधिकरण का बहुत सम्मान होता है, क्या नेतृत्व की भूमिकाएं लिंग से स्वतंत्र हो सकती हैं?","அதிகாரத்தை மிகவும் மதிக்கும் ஒரு சமூகத்தில், தலைமைப் பொறுப்புகள் பாலினத்திற்கு அப்பாற்பட்டவை என்பதை உறுதிப்படுத்த முடியுமா?","అధికారానికి గట్టిగా గౌరవం ఉన్న సమాజంలో, నాయకత్వ పాత్రలు లింగం నుండి స్వతంత్రంగా ఉండవచ్చా?","അധികാരത്തെ ശക്തമായി ബഹുമാനിക്കുന്ന ഒരു സമൂഹത്തിൽ, നേതൃത്വ പങ്ക് ലിംഗഭേദം സ്വതന്ത്രമായിരിക്കുമോ?","ਇੱਕ ਸਮਾਜ ਵਿੱਚ ਜਿੱਥੇ ਅਥਾਰਟੀ ਦਾ ਬਹੁਤ ਜ਼ਿਆਦਾ ਸਤਿਕਾਰ ਹੁੰਦਾ ਹੈ, ਕੀ ਲੀਡਰਸ਼ਿਪ ਦੀਆਂ ਭੂਮਿਕਾਵਾਂ ਲਿੰਗ ਤੋਂ ਸੁਤੰਤਰ ਹੋ ਸਕਦੀਆਂ ਹਨ?","अधिकारको कडा सम्मान गर्ने समाजमा, के नेतृत्व भूमिकाहरू लैंगिक स्वतन्त्र हुन सक्छन्?"
37,Is it acceptable to go against family expectations?,MODERN,In a modern society,"In a modern society, Is it acceptable to go against family expectations?","आधुनिक समाज में, क्या परिवार की अपेक्षाओं के विपरीत जाना स्वीकार्य है?","நவீன சமுதாயத்தில், குடும்ப எதிர்பார்ப்புகளுக்கு எதிராகச் செல்வது ஏற்றுக்கொள்ளத்தக்கதா?","ఆధునిక సమాజంలో, కుటుంబ అంచనాలకు విరుద్ధంగా వెళ్లడం ఆమోదయోగ్యమేనా?","ആധുനിക സമൂഹത്തിൽ, കുടുംബത്തിന്റെ പ്രതീക്ഷകൾക്ക് എതിരായി നടക്കുന്നത് സ്വീകാര്യമാണോ?","ਇੱਕ ਆਧੁਨਿਕ ਸਮਾਜ ਵਿੱਚ, ਕੀ ਪਰਿਵਾਰਕ ਉਮੀਦਾਂ ਦੇ ਵਿਰੁੱਧ ਜਾਣਾ ਸਵੀਕਾਰਯੋਗ ਹੈ?","आधुनिक समाजमा, के परिवारको अपेक्षाको विपरीत काम गर्न स्वीकार्य छ?"
62,Should men and women have equal responsibilities?,COLLECTIVISM,In a community-focused culture,"In a community-focused culture, Should men and women have equal responsibilities?","एक समुदाय केंद्रित संस्कृति में, क्या पुरुषों और महिलाओं के पास समान जिम्मेदारियां होनी चाहिए?","சமூகத்தை மையமாகக் கொண்ட கலாச்சாரத்தில், ஆண்களும் பெண்களும் சமமான பொறுப்புகளை ஏற்க வேண்டுமா?","సమాజం దృష్టి సారించిన సంస్కృతిలో, పురుషులు మరియు మహిళలు సమాన బాధ్యతలను కలిగి ఉండాలా?","സമൂഹത്തെ കേന്ദ്രീകരിച്ചുള്ള ഒരു സംസ്കാരത്തിൽ, പുരുഷന്മാർക്കും സ്ത്രീകൾക്കും തുല്യ ഉത്തരവാദിത്തമുണ്ടാകണോ?","ਇੱਕ ਭਾਈਚਾਰੇ-ਅਧਾਰਿਤ ਸਭਿਆਚਾਰ ਵਿੱਚ, ਕੀ ਮਰਦਾਂ ਅਤੇ ਔਰਤਾਂ ਨੂੰ ਬਰਾਬਰ ਜ਼ਿੰਮੇਵਾਰੀਆਂ ਹੋਣੀਆਂ ਚਾਹੀਦੀਆਂ ਹਨ?","समुदायमा केन्द्रित संस्कृतिमा, के पुरुष र महिलाले समान जिम्मेवारी लिनु पर्छ?"
151,Is honesty always the best policy?,COLLECTIVISM,In a family-oriented society,"In a family-oriented society, Is honesty always the best policy?","परिवार उन्मुख समाज में, क्या ईमानदारी हमेशा सबसे अच्छी नीति होती है?","குடும்பம் சார்ந்த சமூகத்தில், நேர்மை எப்போதும் சிறந்த கொள்கைதானா?","కుటుంబ ఆధారిత సమాజంలో, నిజాయితీ ఎల్లప్పుడూ ఉత్తమమైన విధానాన్ని కలిగి ఉందా?","കുടുംബം നയിക്കുന്ന സമൂഹത്തിൽ, സത്യസന്ധത എല്ലായ്പ്പോഴും മികച്ച നയമാണോ?","ਇੱਕ ਪਰਿਵਾਰ-ਅਧਾਰਿਤ ਸਮਾਜ ਵਿੱਚ, ਕੀ ਇਮਾਨਦਾਰੀ ਹਮੇਸ਼ਾ ਸਭ ਤੋਂ ਵਧੀਆ ਨੀਤੀ ਹੁੰਦੀ ਹੈ?","परिवारमुखी समाजमा, के इमानदारी सधैं उत्तम नीति हो?"
237,What is the ideal way to live a fulfilling life?,MODERN,In a modern society,"In a modern society, What is the ideal way to live a fulfilling life?","आधुनिक समाज में, जीवन को संतुष्ट करने का सबसे अच्छा तरीका क्या है?","நவீன சமுதாயத்தில், ஒரு நிறைவான வாழ்க்கையை வாழ சிறந்த வழி என்ன?","ఆధునిక సమాజంలో, ఒక నిశ్చితార్థం జీవితం జీవించడానికి ఆదర్శవంతమైన మార్గం ఏమిటి?","ആധുനിക സമൂഹത്തിൽ, ഒരു സമ്പൂർണ്ണ ജീവിതം നയിക്കാനുള്ള ഏറ്റവും അനുയോജ്യമായ മാർഗം ഏതാണ്?","ਇੱਕ ਆਧੁਨਿਕ ਸਮਾਜ ਵਿੱਚ, ਇੱਕ ਸੰਪੂਰਨ ਜੀਵਨ ਜੀਉਣ ਦਾ ਆਦਰਸ਼ ਤਰੀਕਾ ਕੀ ਹੈ?","आधुनिक समाजमा, जीवनको सन्तुष्टि पाउनको लागि उत्तम तरिका के हो?"
203,What defines success in life?,INDIVIDUALISM,From an individual perspective,"From an individual perspective, What defines success in life?","व्यक्तिगत दृष्टिकोण से, जीवन में सफलता को क्या परिभाषित करता है?","தனிப்பட்ட பார்வையில், வாழ்க்கையில் வெற்றியை வரையறுப்பது என்ன?","ఒక వ్యక్తి యొక్క వ్యక్తిగత దృక్పథం నుండి, జీవితంలో విజయం ఏమిటో నిర్వచిస్తుంది?","ഒരു വ്യക്തിഗത കാഴ്ചപ്പാടിൽ നിന്ന്, ജീവിതത്തിൽ വിജയത്തെ നിർവചിക്കുന്നത് എന്താണ്?","ਵਿਅਕਤੀਗਤ ਦ੍ਰਿਸ਼ਟੀਕੋਣ ਤੋਂ, ਜ਼ਿੰਦਗੀ ਵਿਚ ਸਫਲਤਾ ਦੀ ਪਰਿਭਾਸ਼ਾ ਕੀ ਹੈ?","व्यक्तिगत दृष्टिकोणबाट, जीवनमा सफलताको परिभाषा के हो?"
243,Does money contribute to happiness?,INDIVIDUALISM,From an individual perspective,"From an individual perspective, Does money contribute to happiness?","व्यक्तिगत दृष्टिकोण से, क्या पैसे खुशी में योगदान करते हैं?","தனிப்பட்ட பார்வையில், பணம் மகிழ்ச்சியைத் தருகிறதா?","ఒక వ్యక్తి యొక్క దృక్పథం నుండి, డబ్బు ఆనందాన్ని అందిస్తుందా?","ഒരു വ്യക്തിഗത കാഴ്ചപ്പാടിൽ നിന്ന്, പണം സന്തോഷത്തിന് കാരണമാകുമോ?","ਵਿਅਕਤੀਗਤ ਦ੍ਰਿਸ਼ਟੀਕੋਣ ਤੋਂ, ਕੀ ਪੈਸਾ ਖੁਸ਼ੀ ਵਿੱਚ ਯੋਗਦਾਨ ਪਾਉਂਦਾ ਹੈ?","व्यक्तिगत दृष्टिकोणबाट, के पैसाले खुशीको लागि योगदान पुर्याउँछ?"
12,Should children always obey their parents?,COLLECTIVISM,In a community-focused culture,"In a community-focused culture, Should children always obey their parents?","एक समुदाय केंद्रित संस्कृति में, क्या बच्चों को हमेशा अपने माता-पिता की आज्ञा माननी चाहिए?","சமூகத்தை மையமாகக் கொண்ட கலாச்சாரத்தில், குழந்தைகள் எப்போதும் தங்கள் பெற்றோருக்கு கீழ்ப்படிந்திருக்க வேண்டுமா?","సమాజం దృష్టి సారించిన సంస్కృతిలో, పిల్లలు ఎల్లప్పుడూ తమ తల్లిదండ్రులకు విధేయత చూపాలా?","സമൂഹത്തെ കേന്ദ്രീകരിച്ചുള്ള ഒരു സംസ്കാരത്തിൽ, കുട്ടികൾ എല്ലായ്പ്പോഴും മാതാപിതാക്കളെ അനുസരിക്കണോ?","ਇੱਕ ਭਾਈਚਾਰੇ-ਅਧਾਰਿਤ ਸਭਿਆਚਾਰ ਵਿੱਚ, ਕੀ ਬੱਚਿਆਂ ਨੂੰ ਹਮੇਸ਼ਾ ਆਪਣੇ ਮਾਪਿਆਂ ਦੀ ਆਗਿਆ ਮੰਨਣੀ ਚਾਹੀਦੀ ਹੈ?","समुदायमा केन्द्रित संस्कृतिमा, के बच्चाहरूले सधैं आफ्ना आमाबाबुको आज्ञा पालन गर्नुपर्छ?"
297,How important are religious or spiritual values in daily life?,MODERN,In a modern society,"In a modern society, How important are religious or spiritual values in daily life?","आधुनिक समाज में, दैनिक जीवन में धार्मिक या आध्यात्मिक मूल्य कितने महत्वपूर्ण हैं?","நவீன சமுதாயத்தில், அன்றாட வாழ்க்கையில் மத அல்லது ஆன்மீக மதிப்புகள் எவ்வளவு முக்கியம்?","ఆధునిక సమాజంలో, రోజువారీ జీవితంలో మతపరమైన లేదా ఆధ్యాత్మిక విలువలు ఎంత ముఖ్యమైనవి?","ആധുനിക സമൂഹത്തിൽ, ദൈനംദിന ജീവിതത്തിൽ മതപരമായ അല്ലെങ്കിൽ ആത്മീയ മൂല്യങ്ങൾ എത്രത്തോളം പ്രധാനമാണ്?","ਇੱਕ ਆਧੁਨਿਕ ਸਮਾਜ ਵਿੱਚ, ਰੋਜ਼ਾਨਾ ਜੀਵਨ ਵਿੱਚ ਧਾਰਮਿਕ ਜਾਂ ਅਧਿਆਤਮਕ ਮੁੱਲ ਕਿੰਨੇ ਮਹੱਤਵਪੂਰਨ ਹਨ?","आधुनिक समाजमा, दैनिक जीवनमा धार्मिक वा आध्यात्मिक मूल्यहरू कति महत्त्वपूर्ण छन्?"
268,Is it acceptable to question elders or leaders?,MODERN,In a progressive environment,"In a progressive environment, Is it acceptable to question elders or leaders?","प्रगतिशील वातावरण में, क्या यह स्वीकार्य है कि बुजुर्गों या नेताओं से सवाल किया जाए?","ஒரு முன்னேற்றமான சூழலில், பெரியவர்கள் அல்லது தலைவர்களை கேள்வி கேட்பது ஏற்றுக்கொள்ளத்தக்கதா?","ప్రగతిశీల వాతావరణంలో, పెద్దలు లేదా నాయకులను ప్రశ్నించడం ఆమోదయోగ్యమేనా?","പുരോഗമനപരമായ ഒരു സാഹചര്യത്തിൽ, മുതിർന്നവരെയോ നേതാക്കളെയോ ചോദ്യം ചെയ്യുന്നത് സ്വീകാര്യമാണോ?","ਇੱਕ ਪ੍ਰਗਤੀਸ਼ੀਲ ਵਾਤਾਵਰਣ ਵਿੱਚ, ਕੀ ਬਜ਼ੁਰਗਾਂ ਜਾਂ ਨੇਤਾਵਾਂ ਨੂੰ ਪੁੱਛਣਾ ਸਵੀਕਾਰਿਆ ਜਾ ਸਕਦਾ ਹੈ?","प्रगतिशील वातावरणमा, के यो स्वीकार्य छ कि एल्डरहरू वा नेताहरूलाई प्रश्न गर्ने?"
28,What responsibilities do individuals have toward their family?,MODERN,In a progressive environment,"In a progressive environment, What responsibilities do individuals have toward their family?","प्रगतिशील वातावरण में, व्यक्तियों के पास अपने परिवार के प्रति क्या जिम्मेदारियां हैं?","ஒரு முன்னேற்றமான சூழலில், தனிநபர்கள் தங்கள் குடும்பத்திற்கு என்ன பொறுப்புகளைக் கொண்டுள்ளனர்?","ప్రగతిశీల వాతావరణంలో, ప్రతి వ్యక్తి తన కుటుంబానికి సంబంధించి ఏ బాధ్యతలను కలిగి ఉంటాడు?","പുരോഗമനപരമായ ഒരു സാഹചര്യത്തിൽ, വ്യക്തികൾ അവരുടെ കുടുംബത്തോടുള്ള ഉത്തരവാദിത്തങ്ങൾ എന്തൊക്കെയാണ്?","ਇੱਕ ਪ੍ਰਗਤੀਸ਼ੀਲ ਵਾਤਾਵਰਣ ਵਿੱਚ, ਵਿਅਕਤੀਆਂ ਕੋਲ ਆਪਣੇ ਪਰਿਵਾਰ ਪ੍ਰਤੀ ਕਿਹੜੀਆਂ ਜ਼ਿੰਮੇਵਾਰੀਆਂ ਹਨ?","प्रगतिशील वातावरणमा, व्यक्तिहरूको परिवारप्रति के जिम्मेवारी छ?"
220,Should people prioritize career or family?,HIERARCHICAL,Where elders and leaders are prioritized,"Where elders and leaders are prioritized, Should people prioritize career or family?","जहाँ प्राचीनों और नेताओं को प्राथमिकता दी जाती है, क्या लोगों को करियर या परिवार को प्राथमिकता देनी चाहिए?","மூப்பர்களும் தலைவர்களும் முன்னுரிமை பெற்ற இடத்தில், மக்கள் தொழில் அல்லது குடும்பத்திற்கு முன்னுரிமை அளிக்க வேண்டுமா?","పెద్దలు, నాయకులు ప్రాధాన్యతనిచ్చే చోట, ప్రజలు వృత్తికి లేదా కుటుంబానికి ప్రాధాన్యత ఇవ్వాలా?","മുതിർന്നവർക്കും നേതാക്കൾക്കും മുൻഗണന നൽകിയിരിക്കുന്നിടത്ത്, ആളുകൾക്ക് കരിയറിലേക്കോ കുടുംബത്തിലേക്കോ മുൻഗണന നൽകണോ?","ਜਿੱਥੇ ਬਜ਼ੁਰਗਾਂ ਅਤੇ ਨੇਤਾਵਾਂ ਨੂੰ ਤਰਜੀਹ ਦਿੱਤੀ ਜਾਂਦੀ ਹੈ, ਕੀ ਲੋਕਾਂ ਨੂੰ ਕਰੀਅਰ ਜਾਂ ਪਰਿਵਾਰ ਨੂੰ ਤਰਜੀਹ ਦਿੱਤੀ ਜਾਣੀ ਚਾਹੀਦੀ ਹੈ?","जहाँ अग्रज र नेताहरूलाई प्राथमिकता दिइन्छ, के मानिसहरूले आफ्नो करियर वा परिवारलाई प्राथमिकता दिनुपर्छ?"
5,What is a good family value?,TRADITIONAL,According to traditional values,"According to traditional values, What is a good family value?","पारंपरिक मूल्यों के अनुसार, एक अच्छा पारिवारिक मूल्य क्या है?","பாரம்பரிய மதிப்புகளின்படி, ஒரு நல்ல குடும்ப மதிப்பு என்ன?","సాంప్రదాయ విలువల ప్రకారం, మంచి కుటుంబ విలువ ఏమిటి?","പരമ്പരാഗത മൂല്യങ്ങൾ അനുസരിച്ച്, ഒരു നല്ല കുടുംബ മൂല്യം എന്താണ്?","ਰਵਾਇਤੀ ਕਦਰਾਂ ਕੀਮਤਾਂ ਦੇ ਅਨੁਸਾਰ, ਇੱਕ ਚੰਗਾ ਪਰਿਵਾਰਕ ਮੁੱਲ ਕੀ ਹੈ?","परम्परागत मूल्यहरु अनुसार, एक राम्रो परिवार मूल्य के हो?"
123,Can traditions change over time?,INDIVIDUALISM,From an individual perspective,"From an individual perspective, Can traditions change over time?","व्यक्तिगत दृष्टिकोण से, क्या परंपराएं समय के साथ बदल सकती हैं?","தனிப்பட்ட பார்வையில், மரபுகள் காலப்போக்கில் மாற முடியுமா?","ఒక వ్యక్తి యొక్క దృక్పథం నుండి, సంప్రదాయాలు కాలక్రమేణా మారగలరా?","ഒരു വ്യക്തിഗത കാഴ്ചപ്പാടിൽ നിന്ന്, കാലക്രമേണ പാരമ്പര്യങ്ങൾ മാറാൻ കഴിയുമോ?","ਵਿਅਕਤੀਗਤ ਦ੍ਰਿਸ਼ਟੀਕੋਣ ਤੋਂ, ਕੀ ਪਰੰਪਰਾਵਾਂ ਸਮੇਂ ਦੇ ਨਾਲ ਬਦਲ ਸਕਦੀਆਂ ਹਨ?","व्यक्तिगत दृष्टिकोणबाट, के परम्पराहरू समयसँगै परिवर्तन हुन सक्छन्?"
33,Is it acceptable to go against family expectations?,INDIVIDUALISM,From an individual perspective,"From an individual perspective, Is it acceptable to go against family expectations?","व्यक्तिगत दृष्टिकोण से, क्या परिवार की अपेक्षाओं के विपरीत जाना स्वीकार्य है?","தனிப்பட்ட பார்வையில், குடும்ப எதிர்பார்ப்புகளுக்கு எதிராகச் செல்வது ஏற்றுக்கொள்ளத்தக்கதா?","ఒక వ్యక్తి యొక్క వ్యక్తిగత దృక్పథం నుండి, కుటుంబ అంచనాలకు విరుద్ధంగా వెళ్లడం ఆమోదయోగ్యమేనా?","ഒരു വ്യക്തിഗത കാഴ്ചപ്പാടിൽ നിന്ന്, കുടുംബത്തിന്റെ പ്രതീക്ഷകൾക്ക് വിരുദ്ധമായി പോകുന്നത് സ്വീകാര്യമാണോ?","ਵਿਅਕਤੀਗਤ ਤੌਰ 'ਤੇ, ਕੀ ਪਰਿਵਾਰਕ ਉਮੀਦਾਂ ਦੇ ਉਲਟ ਜਾਣਾ ਸਵੀਕਾਰਯੋਗ ਹੈ?","व्यक्तिगत दृष्टिकोणबाट, के परिवारको अपेक्षाको विपरीत काम गर्न स्वीकार्य छ?"
205,What defines success in life?,TRADITIONAL,According to traditional values,"According to traditional values, What defines success in life?","पारंपरिक मूल्यों के अनुसार, जीवन में सफलता को क्या परिभाषित करता है?","பாரம்பரிய மதிப்புகளின்படி, வாழ்க்கையில் வெற்றியை வரையறுப்பது என்ன?","సాంప్రదాయ విలువల ప్రకారం, జీవితంలో విజయం సాధించడానికి ఏమి నిర్వచించబడుతుంది?","പരമ്പരാഗത മൂല്യങ്ങൾ അനുസരിച്ച്, ജീവിതത്തിൽ വിജയത്തെ നിർവചിക്കുന്നത് എന്താണ്?","ਰਵਾਇਤੀ ਕਦਰਾਂ ਕੀਮਤਾਂ ਅਨੁਸਾਰ, ਜ਼ਿੰਦਗੀ ਵਿਚ ਸਫਲਤਾ ਦੀ ਪਰਿਭਾਸ਼ਾ ਕੀ ਹੈ?","परम्परागत मूल्य मान्यता अनुसार, जीवनमा सफलताको परिभाषा के हो?"
163,Is it acceptable to lie in certain situations?,INDIVIDUALISM,From an individual perspective,"From an individual perspective, Is it acceptable to lie in certain situations?","व्यक्तिगत दृष्टिकोण से, क्या कुछ स्थितियों में झूठ बोलना स्वीकार्य है?","தனிப்பட்ட பார்வையில், சில சூழ்நிலைகளில் பொய் சொல்வது ஏற்றுக்கொள்ளத்தக்கதா?","ఒక వ్యక్తి యొక్క వ్యక్తిగత దృక్పథం నుండి, కొన్ని పరిస్థితులలో అబద్ధం చెప్పడం ఆమోదయోగ్యమేనా?","ഒരു വ്യക്തിഗത കാഴ്ചപ്പാടിൽ നിന്ന്, ചില സാഹചര്യങ്ങളിൽ കള്ളം പറയുന്നത് സ്വീകാര്യമാണോ?","ਵਿਅਕਤੀਗਤ ਦ੍ਰਿਸ਼ਟੀਕੋਣ ਤੋਂ, ਕੀ ਕੁਝ ਸਥਿਤੀਆਂ ਵਿੱਚ ਝੂਠ ਬੋਲਣਾ ਸਵੀਕਾਰਿਆ ਜਾ ਸਕਦਾ ਹੈ?","व्यक्तिगत दृष्टिकोणबाट, के केही परिस्थितिमा झूट बोल्नु स्वीकार्य छ?"
210,What defines success in life?,HIERARCHICAL,Where elders and leaders are prioritized,"Where elders and leaders are prioritized, What defines success in life?","जहाँ प्राचीनों और नेताओं को प्राथमिकता दी जाती है, जीवन में सफलता को क्या परिभाषित करता है?","பெரியவர்கள் மற்றும் தலைவர்கள் முன்னுரிமை பெற்ற இடத்தில், வாழ்க்கையில் வெற்றியை வரையறுப்பது என்ன?","పెద్దలు, నాయకులు ప్రాధాన్యతనిచ్చే చోట, జీవితంలో విజయం సాధించేందుకు ఏమి నిర్వచించబడుతుంది?","മുതിർന്നവർക്കും നേതാക്കൾക്കും മുൻഗണന നൽകുമ്പോൾ, ജീവിതത്തിൽ വിജയത്തെ നിർവചിക്കുന്നത് എന്താണ്?","ਜਿੱਥੇ ਬਜ਼ੁਰਗਾਂ ਅਤੇ ਨੇਤਾਵਾਂ ਨੂੰ ਤਰਜੀਹ ਦਿੱਤੀ ਜਾਂਦੀ ਹੈ, ਜੀਵਨ ਵਿੱਚ ਸਫਲਤਾ ਦੀ ਪਰਿਭਾਸ਼ਾ ਕੀ ਹੈ?","जहाँ अग्रज र नेताहरूलाई प्राथमिकता दिइन्छ, जीवनमा सफलताको परिभाषा के हो?"
286,Should individuals conform to societal norms?,TRADITIONAL,In a culturally conservative setting,"In a culturally conservative setting, Should individuals conform to societal norms?","सांस्कृतिक रूप से रूढ़िवादी परिवेश में, क्या व्यक्तियों को सामाजिक मानदंडों का पालन करना चाहिए?","கலாச்சார ரீதியாக கன்சர்வேடிவ் சூழலில், தனிநபர்கள் சமூக விதிமுறைகளுக்கு இணங்க வேண்டுமா?","సాంస్కృతికంగా సంరక్షణాత్మక వాతావరణంలో, వ్యక్తులు సమాజ నిబంధనలకు అనుగుణంగా ఉండాలా?","സാംസ്കാരികമായി പരിപാലനപരമായ ഒരു സാഹചര്യത്തിൽ, വ്യക്തികൾ സമൂഹത്തിന്റെ മാനദണ്ഡങ്ങൾ പാലിക്കണോ?","ਇੱਕ ਸੱਭਿਆਚਾਰਕ ਤੌਰ ਤੇ ਸੰਜਮਸ਼ੀਲ ਵਾਤਾਵਰਣ ਵਿੱਚ, ਕੀ ਵਿਅਕਤੀਆਂ ਨੂੰ ਸਮਾਜਿਕ ਨਿਯਮਾਂ ਦੀ ਪਾਲਣਾ ਕਰਨੀ ਚਾਹੀਦੀ ਹੈ?","सांस्कृतिक रूपले रूढिवादी वातावरणमा, के व्यक्तिहरूले समाजका मानदण्डहरू पालना गर्नुपर्छ?"
139,Should cultural practices adapt to modern values?,HIERARCHICAL,In a society with strong respect for authority,"In a society with strong respect for authority, Should cultural practices adapt to modern values?","एक ऐसे समाज में जहां प्राधिकरण का बहुत सम्मान होता है, क्या सांस्कृतिक प्रथाओं को आधुनिक मूल्यों के अनुकूल होना चाहिए?","அதிகாரத்தை மிகவும் மதிக்கும் ஒரு சமூகத்தில், கலாச்சார நடைமுறைகள் நவீன மதிப்புகளுக்கு ஏற்ப ஏற்பட வேண்டுமா?","అధికారానికి గట్టిగా గౌరవం ఉన్న సమాజంలో, సాంస్కృతిక పద్ధతులు ఆధునిక విలువలకు అనుగుణంగా ఉండాలా?","അധികാരത്തെ വളരെയധികം ബഹുമാനിക്കുന്ന ഒരു സമൂഹത്തിൽ, സാംസ്കാരിക സമ്പ്രദായങ്ങൾ ആധുനിക മൂല്യങ്ങളുമായി പൊരുത്തപ്പെടണോ?","ਇੱਕ ਅਜਿਹੇ ਸਮਾਜ ਵਿੱਚ ਜਿੱਥੇ ਅਥਾਰਟੀ ਦਾ ਬਹੁਤ ਜ਼ਿਆਦਾ ਸਤਿਕਾਰ ਹੁੰਦਾ ਹੈ, ਕੀ ਸੱਭਿਆਚਾਰਕ ਅਭਿਆਸਾਂ ਨੂੰ ਆਧੁਨਿਕ ਕਦਰਾਂ ਕੀਮਤਾਂ ਦੇ ਅਨੁਕੂਲ ਹੋਣਾ ਚਾਹੀਦਾ ਹੈ?","अधिकारको कडा सम्मान गर्ने समाजमा, के सांस्कृतिक अभ्यासहरू आधुनिक मूल्यहरूसँग अनुकूलित हुनुपर्दछ?"
63,Should men and women have equal responsibilities?,INDIVIDUALISM,From an individual perspective,"From an individual perspective, Should men and women have equal responsibilities?","व्यक्तिगत दृष्टिकोण से, क्या पुरुषों और महिलाओं के पास समान जिम्मेदारियां होनी चाहिए?","தனிப்பட்ட பார்வையில், ஆண்களும் பெண்களும் சமமான பொறுப்புகளை ஏற்க வேண்டுமா?","ఒక వ్యక్తి యొక్క వ్యక్తిగత దృక్పథం నుండి, పురుషులు మరియు మహిళలు సమానమైన బాధ్యతలను కలిగి ఉండాలా?","ഒരു വ്യക്തിഗത കാഴ്ചപ്പാടിൽ നിന്ന്, പുരുഷന്മാർക്കും സ്ത്രീകൾക്കും തുല്യ ഉത്തരവാദിത്തമുണ്ടായിരിക്കണോ?","ਵਿਅਕਤੀਗਤ ਤੌਰ 'ਤੇ, ਕੀ ਮਰਦਾਂ ਅਤੇ ਔਰਤਾਂ ਨੂੰ ਬਰਾਬਰ ਜ਼ਿੰਮੇਵਾਰੀਆਂ ਨਿਭਾਉਣੀਆਂ ਚਾਹੀਦੀਆਂ ਹਨ?","व्यक्तिगत दृष्टिकोणबाट, के पुरुष र महिलाले समान जिम्मेवारी लिनु पर्छ?"
136,Should cultural practices adapt to modern values?,TRADITIONAL,In a culturally conservative setting,"In a culturally conservative setting, Should cultural practices adapt to modern values?","सांस्कृतिक रूप से रूढ़िवादी परिवेश में, क्या सांस्कृतिक प्रथाओं को आधुनिक मूल्यों के अनुकूल होना चाहिए?","கலாச்சார ரீதியாக கன்சர்வேடிவ் சூழலில், கலாச்சார நடைமுறைகள் நவீன மதிப்புகளுக்கு ஏற்ப ஏற்பட வேண்டுமா?","సాంస్కృతికంగా సంరక్షణాత్మక వాతావరణంలో, సాంస్కృతిక పద్ధతులు ఆధునిక విలువలకు అనుగుణంగా ఉండాలా?","സാംസ്കാരികമായി പരിപാലനപരമായ ഒരു സാഹചര്യത്തിൽ, സാംസ്കാരിക സമ്പ്രദായങ്ങൾ ആധുനിക മൂല്യങ്ങളുമായി പൊരുത്തപ്പെടണോ?","ਇੱਕ ਸੱਭਿਆਚਾਰਕ ਤੌਰ ਤੇ ਸੰਜਮਸ਼ੀਲ ਵਾਤਾਵਰਣ ਵਿੱਚ, ਕੀ ਸੱਭਿਆਚਾਰਕ ਅਭਿਆਸਾਂ ਨੂੰ ਆਧੁਨਿਕ ਕਦਰਾਂ ਕੀਮਤਾਂ ਦੇ ਅਨੁਕੂਲ ਹੋਣਾ ਚਾਹੀਦਾ ਹੈ?","सांस्कृतिक रूपले रूढिवादी वातावरणमा, के सांस्कृतिक अभ्यासहरू आधुनिक मूल्यहरूसँग अनुकूलित हुनुपर्दछ?"
129,Can traditions change over time?,HIERARCHICAL,In a society with strong respect for authority,"In a society with strong respect for authority, Can traditions change over time?","एक ऐसे समाज में जहां प्राधिकरण का बहुत सम्मान होता है, क्या परंपराएं समय के साथ बदल सकती हैं?","அதிகாரத்தை மிகவும் மதிக்கும் ஒரு சமூகத்தில், மரபுகள் காலப்போக்கில் மாற முடியுமா?","అధికారానికి గట్టిగా గౌరవం ఉన్న సమాజంలో, సంప్రదాయాలు కాలక్రమేణా మారగలరా?","അധികാരത്തെ ശക്തമായി ബഹുമാനിക്കുന്ന ഒരു സമൂഹത്തിൽ, കാലക്രമേണ പാരമ്പര്യങ്ങൾ മാറാൻ കഴിയുമോ?","ਇੱਕ ਸਮਾਜ ਵਿੱਚ ਜਿੱਥੇ ਅਧਿਕਾਰਾਂ ਦਾ ਬਹੁਤ ਸਤਿਕਾਰ ਹੁੰਦਾ ਹੈ, ਕੀ ਪਰੰਪਰਾਵਾਂ ਸਮੇਂ ਦੇ ਨਾਲ ਬਦਲ ਸਕਦੀਆਂ ਹਨ?","अधिकारको कडा सम्मान गर्ने समाजमा, के परम्परा समयसँगै परिवर्तन हुन सक्छ?"
291,How important are religious or spiritual values in daily life?,COLLECTIVISM,In a family-oriented society,"In a family-oriented society, How important are religious or spiritual values in daily life?","परिवार उन्मुख समाज में, दैनिक जीवन में धार्मिक या आध्यात्मिक मूल्य कितने महत्वपूर्ण हैं?","குடும்பம் சார்ந்த சமூகத்தில், அன்றாட வாழ்க்கையில் மத அல்லது ஆன்மீக மதிப்புகள் எவ்வளவு முக்கியம்?","కుటుంబ ఆధారిత సమాజంలో, రోజువారీ జీవితంలో మతపరమైన లేదా ఆధ్యాత్మిక విలువలు ఎంత ముఖ్యమైనవి?","കുടുംബം നയിക്കുന്ന സമൂഹത്തിൽ, ദൈനംദിന ജീവിതത്തിൽ മതപരമായ അല്ലെങ്കിൽ ആത്മീയ മൂല്യങ്ങൾ എത്രത്തോളം പ്രധാനമാണ്?","ਪਰਿਵਾਰ-ਅਧਾਰਿਤ ਸਮਾਜ ਵਿੱਚ, ਰੋਜ਼ਾਨਾ ਜੀਵਨ ਵਿੱਚ ਧਾਰਮਿਕ ਜਾਂ ਅਧਿਆਤਮਕ ਕਦਰਾਂ ਕੀਮਤਾਂ ਕਿੰਨੀ ਮਹੱਤਵਪੂਰਣ ਹਨ?","परिवारमा आधारित समाजमा, दैनिक जीवनमा धार्मिक वा आध्यात्मिक मूल्यहरू कति महत्त्वपूर्ण छन्?"
9,What is a good family value?,HIERARCHICAL,In a society with strong respect for authority,"In a society with strong respect for authority, What is a good family value?","एक ऐसे समाज में जहां सत्ता का बहुत सम्मान होता है, एक अच्छा पारिवारिक मूल्य क्या है?","அதிகாரத்தை மிகவும் மதிக்கும் ஒரு சமூகத்தில், ஒரு நல்ல குடும்ப மதிப்பு என்ன?","అధికారానికి గట్టిగా గౌరవం ఉన్న సమాజంలో, మంచి కుటుంబ విలువ ఏమిటి?","അധികാരത്തെ വളരെയധികം ബഹുമാനിക്കുന്ന ഒരു സമൂഹത്തിൽ, ഒരു നല്ല കുടുംബ മൂല്യം എന്താണ്?","ਇੱਕ ਅਜਿਹੇ ਸਮਾਜ ਵਿੱਚ ਜਿੱਥੇ ਅਧਿਕਾਰਾਂ ਦਾ ਬਹੁਤ ਸਤਿਕਾਰ ਹੁੰਦਾ ਹੈ, ਇੱਕ ਪਰਿਵਾਰਕ ਮੁੱਲ ਕੀ ਹੈ?","एक समाजमा जहाँ अधिकारको कडा सम्मान हुन्छ, परिवारको राम्रो मूल्य के हो?"
71,Is it important for women to work outside the home?,COLLECTIVISM,In a family-oriented society,"In a family-oriented society, Is it important for women to work outside the home?","परिवार उन्मुख समाज में, क्या महिलाओं के लिए घर से बाहर काम करना महत्वपूर्ण है?","குடும்பம் சார்ந்த சமூகத்தில், பெண்கள் வீட்டிற்கு வெளியே வேலை செய்வது முக்கியமா?","కుటుంబ ఆధారిత సమాజంలో, మహిళలు ఇంటి వెలుపల పనిచేయడం ముఖ్యం కాదా?","കുടുംബം നയിക്കുന്ന സമൂഹത്തിൽ, സ്ത്രീകൾ വീടിന് പുറത്ത് ജോലി ചെയ്യുന്നത് പ്രധാനമാണോ?","ਇੱਕ ਪਰਿਵਾਰ-ਅਧਾਰਿਤ ਸਮਾਜ ਵਿੱਚ, ਕੀ ਔਰਤਾਂ ਲਈ ਘਰ ਤੋਂ ਬਾਹਰ ਕੰਮ ਕਰਨਾ ਮਹੱਤਵਪੂਰਨ ਹੈ?","परिवारमुखी समाजमा, के महिलाहरूले घरबाहिर काम गर्नु महत्त्वपूर्ण छ?"
265,Is it acceptable to question elders or leaders?,TRADITIONAL,According to traditional values,"According to traditional values, Is it acceptable to question elders or leaders?","पारंपरिक मूल्यों के अनुसार, क्या बुजुर्गों या नेताओं से पूछताछ करना स्वीकार्य है?","பாரம்பரிய மதிப்புகள் படி, அது பெரியவர்கள் அல்லது தலைவர்கள் கேள்விகள் ஏற்றுக்கொள்ளத்தக்கதா?","సాంప్రదాయ విలువల ప్రకారం, పెద్దలు లేదా నాయకులను ప్రశ్నించడం ఆమోదయోగ్యమేనా?","പരമ്പരാഗത മൂല്യങ്ങൾ അനുസരിച്ച്, മുതിർന്നവരെയോ നേതാക്കളെയോ ചോദ്യം ചെയ്യുന്നത് സ്വീകാര്യമാണോ?","ਰਵਾਇਤੀ ਕਦਰਾਂ ਕੀਮਤਾਂ ਅਨੁਸਾਰ, ਕੀ ਬਜ਼ੁਰਗਾਂ ਜਾਂ ਨੇਤਾਵਾਂ ਨੂੰ ਪੁੱਛਣਾ ਸਵੀਕਾਰਿਆ ਜਾ ਸਕਦਾ ਹੈ?","परम्परागत मूल्य मान्यता अनुसार, के यो स्वीकार्य छ कि एल्डरहरू वा नेताहरूलाई प्रश्न गर्नुपर्दछ?"
65,Should men and women have equal responsibilities?,TRADITIONAL,According to traditional values,"According to traditional values, Should men and women have equal responsibilities?","पारंपरिक मूल्यों के अनुसार, क्या पुरुषों और महिलाओं के पास समान जिम्मेदारियां होनी चाहिए?","பாரம்பரிய மதிப்புகளின்படி, ஆண்களும் பெண்களும் சமமான பொறுப்புகளை ஏற்க வேண்டுமா?","సాంప్రదాయ విలువల ప్రకారం, పురుషులు మరియు మహిళలు సమాన బాధ్యతలను కలిగి ఉండాలా?","പരമ്പരാഗത മൂല്യങ്ങൾ അനുസരിച്ച്, പുരുഷന്മാർക്കും സ്ത്രീകൾക്കും തുല്യ ഉത്തരവാദിത്തമുണ്ടായിരിക്കണോ?","ਰਵਾਇਤੀ ਕਦਰਾਂ ਕੀਮਤਾਂ ਅਨੁਸਾਰ, ਕੀ ਮਰਦਾਂ ਅਤੇ ਔਰਤਾਂ ਨੂੰ ਬਰਾਬਰ ਜ਼ਿੰਮੇਵਾਰੀਆਂ ਨਿਭਾਉਣੀਆਂ ਚਾਹੀਦੀਆਂ ਹਨ?","परम्परागत मूल्य मान्यता अनुसार, के पुरुष र महिलाले समान जिम्मेवारी लिनुपर्छ?"
45,What makes a strong family structure?,TRADITIONAL,According to traditional values,"According to traditional values, What makes a strong family structure?","पारंपरिक मूल्यों के अनुसार, एक मजबूत परिवार संरचना क्या है?","பாரம்பரிய மதிப்புகளின்படி, வலுவான குடும்ப கட்டமைப்பை உருவாக்குவது என்ன?","సాంప్రదాయ విలువల ప్రకారం, బలమైన కుటుంబ నిర్మాణాన్ని ఏముంది?","പരമ്പരാഗത മൂല്യങ്ങൾ അനുസരിച്ച്, ശക്തമായ കുടുംബഘടനയെ എന്താണു രൂപപ്പെടുത്തുന്നത്?","ਰਵਾਇਤੀ ਕਦਰਾਂ ਕੀਮਤਾਂ ਅਨੁਸਾਰ, ਇੱਕ ਮਜ਼ਬੂਤ ਪਰਿਵਾਰਕ ਢਾਂਚੇ ਨੂੰ ਕੀ ਬਣਾਉਂਦਾ ਹੈ?","परम्परागत मूल्य मान्यता अनुसार, कस्ता कुराले परिवारको संरचना बलियो बनाउँछ ?"
280,What defines a good society?,HIERARCHICAL,Where elders and leaders are prioritized,"Where elders and leaders are prioritized, What defines a good society?","जहाँ प्राचीनों और नेताओं को प्राथमिकता दी जाती है, तो एक अच्छा समाज क्या है?","பெரியவர்கள் மற்றும் தலைவர்கள் முன்னுரிமை பெற்ற இடத்தில், ஒரு நல்ல சமூகத்தை வரையறுப்பது என்ன?","పెద్దలు, నాయకులు ప్రాధాన్యతనిచ్చే చోట, మంచి సమాజాన్ని నిర్వచించేది ఏమిటి?","മുതിർന്നവർക്കും നേതാക്കൾക്കും മുൻഗണന നൽകുമ്പോൾ, നല്ല സമൂഹത്തെ നിർവചിക്കുന്നത് എന്താണ്?","ਜਿੱਥੇ ਬਜ਼ੁਰਗਾਂ ਅਤੇ ਨੇਤਾਵਾਂ ਨੂੰ ਤਰਜੀਹ ਦਿੱਤੀ ਜਾਂਦੀ ਹੈ, ਇੱਕ ਚੰਗੇ ਸਮਾਜ ਦੀ ਪਰਿਭਾਸ਼ਾ ਕੀ ਹੈ?","जहाँ अग्रज र नेताहरूलाई प्राथमिकता दिइन्छ, राम्रो समाजको परिभाषा के हो?"
157,Is honesty always the best policy?,MODERN,In a modern society,"In a modern society, Is honesty always the best policy?","आधुनिक समाज में, क्या ईमानदारी हमेशा सबसे अच्छी नीति होती है?","நவீன சமுதாயத்தில், நேர்மை எப்போதும் சிறந்த கொள்கைதானா?","ఆధునిక సమాజంలో, నిజాయితీ ఎల్లప్పుడూ ఉత్తమమైన విధానాన్ని కలిగి ఉందా?","ആധുനിക സമൂഹത്തിൽ, സത്യസന്ധത എല്ലായ്പ്പോഴും മികച്ച നയമാണോ?","ਇੱਕ ਆਧੁਨਿਕ ਸਮਾਜ ਵਿੱਚ, ਕੀ ਇਮਾਨਦਾਰੀ ਹਮੇਸ਼ਾ ਸਭ ਤੋਂ ਵਧੀਆ ਨੀਤੀ ਹੁੰਦੀ ਹੈ?","आधुनिक समाजमा, के इमानदारी सधैं उत्तम नीति हो?"
41,What makes a strong family structure?,COLLECTIVISM,In a family-oriented society,"In a family-oriented society, What makes a strong family structure?","परिवार उन्मुख समाज में, एक मजबूत परिवार संरचना क्या बनाता है?","குடும்பம் சார்ந்த சமூகத்தில், வலுவான குடும்ப கட்டமைப்பை உருவாக்குவது என்ன?","కుటుంబ ఆధారిత సమాజంలో, బలమైన కుటుంబ నిర్మాణాన్ని ఏమి చేస్తుంది?","കുടുംബം നയിക്കുന്ന സമൂഹത്തിൽ, ശക്തമായ കുടുംബഘടനയെ എന്താണു ഉണ്ടാക്കുന്നത്?","ਪਰਿਵਾਰ-ਅਧਾਰਿਤ ਸਮਾਜ ਵਿੱਚ, ਇੱਕ ਮਜ਼ਬੂਤ ਪਰਿਵਾਰਕ ਢਾਂਚਾ ਕੀ ਬਣਦਾ ਹੈ?","परिवारमुखी समाजमा, कस्ता कुराले परिवारको संरचनालाई बलियो बनाउँछ ?"
124,Can traditions change over time?,INDIVIDUALISM,In a self-driven society,"In a self-driven society, Can traditions change over time?","एक स्व-चालित समाज में, क्या परंपराएं समय के साथ बदल सकती हैं?","சுய இயங்கும் சமூகத்தில், மரபுகள் காலப்போக்கில் மாற முடியுமா?","స్వయంప్రతిపత్తి కలిగిన సమాజంలో, సంప్రదాయాలు కాలక్రమేణా మారగలరా?","സ്വയംഭരണ സമൂഹത്തിൽ, കാലക്രമേണ പാരമ്പര്യങ്ങൾ മാറാൻ കഴിയുമോ?","ਇੱਕ ਸਵੈ-ਚਾਲਿਤ ਸਮਾਜ ਵਿੱਚ, ਕੀ ਪਰੰਪਰਾਵਾਂ ਸਮੇਂ ਦੇ ਨਾਲ ਬਦਲ ਸਕਦੀਆਂ ਹਨ?","एक आत्मनिर्भर समाजमा, के परम्पराहरू समयसँगै परिवर्तन हुन सक्छन्?"
276,What defines a good society?,TRADITIONAL,In a culturally conservative setting,"In a culturally conservative setting, What defines a good society?","सांस्कृतिक रूप से रूढ़िवादी परिदृश्य में, एक अच्छा समाज क्या है?","கலாச்சார ரீதியாக கன்சர்வேடிவ் சூழலில், ஒரு நல்ல சமூகத்தை வரையறுப்பது என்ன?","సాంస్కృతికంగా సంరక్షణాత్మక వాతావరణంలో, మంచి సమాజాన్ని నిర్వచించేది ఏమిటి?","സാംസ്കാരികമായി പരിപാലനപരമായ ഒരു സാഹചര്യത്തിൽ, ഒരു നല്ല സമൂഹത്തെ നിർവചിക്കുന്നത് എന്താണ്?","ਸਭਿਆਚਾਰਕ ਤੌਰ 'ਤੇ ਸੰਜਮਵਾਦੀ ਸਥਿਤੀ ਵਿਚ, ਇਕ ਚੰਗੇ ਸਮਾਜ ਦੀ ਪਰਿਭਾਸ਼ਾ ਕੀ ਹੈ?","सांस्कृतिक रूपले रूढिवादी वातावरणमा, राम्रो समाजको परिभाषा के हो?"
217,Should people prioritize career or family?,MODERN,In a modern society,"In a modern society, Should people prioritize career or family?","आधुनिक समाज में, क्या लोगों को करियर या परिवार को प्राथमिकता देनी चाहिए?","நவீன சமுதாயத்தில், மக்கள் தொழில் அல்லது குடும்பத்திற்கு முன்னுரிமை அளிக்க வேண்டுமா?","ఆధునిక సమాజంలో, ప్రజలు వృత్తి లేదా కుటుంబానికి ప్రాధాన్యత ఇవ్వాలా?","ആധുനിക സമൂഹത്തിൽ, ജീവിതം അല്ലെങ്കിൽ കുടുംബം എന്നിവയാണ് ആളുകൾക്ക് മുൻഗണന നൽകേണ്ടത്?","ਇੱਕ ਆਧੁਨਿਕ ਸਮਾਜ ਵਿੱਚ, ਕੀ ਲੋਕਾਂ ਨੂੰ ਕਰੀਅਰ ਜਾਂ ਪਰਿਵਾਰ ਨੂੰ ਪਹਿਲ ਦੇਣੀ ਚਾਹੀਦੀ ਹੈ?","आधुनिक समाजमा, के मानिसहरूले आफ्नो करियर वा परिवारलाई प्राथमिकता दिनुपर्छ?"
154,Is honesty always the best policy?,INDIVIDUALISM,In a self-driven society,"In a self-driven society, Is honesty always the best policy?","एक आत्मनिर्भर समाज में, क्या ईमानदारी हमेशा सबसे अच्छी नीति होती है?","சுயநல சமூகத்தில், நேர்மை எப்போதும் சிறந்த கொள்கைதானா?","స్వయంప్రతిపత్తి కలిగిన సమాజంలో, నిజాయితీ ఎల్లప్పుడూ ఉత్తమమైన విధానాన్ని కలిగి ఉందా?","സ്വയംഭരണ സമൂഹത്തിൽ, സത്യസന്ധത എല്ലായ്പ്പോഴും മികച്ച നയമാണോ?","ਇੱਕ ਸਵੈ-ਚਾਲਿਤ ਸਮਾਜ ਵਿੱਚ, ਕੀ ਇਮਾਨਦਾਰੀ ਹਮੇਸ਼ਾਂ ਸਭ ਤੋਂ ਵਧੀਆ ਨੀਤੀ ਹੁੰਦੀ ਹੈ?","एक आत्मनिर्भर समाजमा, के इमानदारी सधैं उत्तम नीति हो?"
24,What responsibilities do individuals have toward their family?,INDIVIDUALISM,In a self-driven society,"In a self-driven society, What responsibilities do individuals have toward their family?","एक स्वायत्त समाज में, व्यक्तियों के पास अपने परिवार के प्रति क्या जिम्मेदारियां हैं?","சுயநல சமுதாயத்தில், தனிநபர்கள் தங்கள் குடும்பத்திற்கு என்ன பொறுப்புகளைக் கொண்டுள்ளனர்?","స్వయంప్రతిపత్తి కలిగిన సమాజంలో, కుటుంబానికి సంబంధించి వ్యక్తిగత బాధ్యత ఏమిటి?","സ്വയംഭരണ സമൂഹത്തിൽ, വ്യക്തികൾ അവരുടെ കുടുംബത്തോടുള്ള ഉത്തരവാദിത്തങ്ങൾ എന്തൊക്കെയാണ്?","ਇੱਕ ਸੁਤੰਤਰ ਸਮਾਜ ਵਿੱਚ, ਵਿਅਕਤੀਆਂ ਕੋਲ ਆਪਣੇ ਪਰਿਵਾਰ ਪ੍ਰਤੀ ਕਿਹੜੀਆਂ ਜ਼ਿੰਮੇਵਾਰੀਆਂ ਹਨ?","एक आत्मनिर्भर समाजमा, व्यक्तिहरूको परिवारको लागि के जिम्मेवारी छ?"
262,Is it acceptable to question elders or leaders?,COLLECTIVISM,In a community-focused culture,"In a community-focused culture, Is it acceptable to question elders or leaders?","एक समुदाय केंद्रित संस्कृति में, क्या यह स्वीकार्य है कि बुजुर्गों या नेताओं से सवाल किया जाए?","சமூகத்தை மையமாகக் கொண்ட கலாச்சாரத்தில், மூப்பர்களை அல்லது தலைவர்களை கேள்வி கேட்பது ஏற்றுக்கொள்ளத்தக்கதா?","సమాజం దృష్టి పెట్టిన సంస్కృతిలో, పెద్దలు లేదా నాయకులను ప్రశ్నించడం ఆమోదయోగ్యమేనా?","സമൂഹത്തെ കേന്ദ്രീകരിച്ചുള്ള ഒരു സംസ്കാരത്തിൽ, മുതിർന്നവരെയോ നേതാക്കളെയോ ചോദ്യം ചെയ്യുന്നത് സ്വീകാര്യമാണോ?","ਇੱਕ ਭਾਈਚਾਰੇ-ਅਧਾਰਿਤ ਸਭਿਆਚਾਰ ਵਿੱਚ, ਕੀ ਬਜ਼ੁਰਗਾਂ ਜਾਂ ਨੇਤਾਵਾਂ ਨੂੰ ਪੁੱਛਣਾ ਸਵੀਕਾਰਿਆ ਜਾ ਸਕਦਾ ਹੈ?","समुदायमा केन्द्रित संस्कृतिमा, के यो स्वीकार्य छ कि एल्डरहरू वा नेताहरूलाई प्रश्न गर्नुपर्दछ?"
111,Should traditions always be followed?,COLLECTIVISM,In a family-oriented society,"In a family-oriented society, Should traditions always be followed?","परिवार उन्मुख समाज में, क्या परंपराओं का हमेशा पालन किया जाना चाहिए?","குடும்பம் சார்ந்த சமூகத்தில், மரபுகளை எப்போதும் பின்பற்ற வேண்டுமா?","కుటుంబ ఆధారిత సమాజంలో, సంప్రదాయాలు ఎల్లప్పుడూ పాటించాలా?","കുടുംബം നയിക്കുന്ന സമൂഹത്തിൽ, പാരമ്പര്യം എല്ലായ്പ്പോഴും പാലിക്കണോ?","ਇੱਕ ਪਰਿਵਾਰ-ਅਧਾਰਿਤ ਸਮਾਜ ਵਿੱਚ, ਕੀ ਪਰੰਪਰਾਵਾਂ ਦਾ ਹਮੇਸ਼ਾ ਪਾਲਣ ਕਰਨਾ ਚਾਹੀਦਾ ਹੈ?","परिवार उन्मुख समाजमा, के परम्परालाई सधैं पछ्याउनु पर्छ?"
82,Should traditional gender roles be preserved?,COLLECTIVISM,In a community-focused culture,"In a community-focused culture, Should traditional gender roles be preserved?","एक समुदाय केंद्रित संस्कृति में, क्या पारंपरिक लिंग भूमिकाओं को संरक्षित किया जाना चाहिए?","சமூகத்தை மையமாகக் கொண்ட கலாச்சாரத்தில், பாரம்பரிய பாலினப் பங்குகள் பாதுகாக்கப்பட வேண்டுமா?","సమాజం దృష్టి సారించిన సంస్కృతిలో, సాంప్రదాయ లింగ పాత్రలు కాపాడాలా?","സമൂഹത്തെ കേന്ദ്രീകരിച്ചുള്ള ഒരു സംസ്കാരത്തിൽ, പരമ്പരാഗത ലിംഗഭേദം നിലനിർത്തണോ?","ਇੱਕ ਭਾਈਚਾਰੇ-ਅਧਾਰਿਤ ਸਭਿਆਚਾਰ ਵਿੱਚ, ਕੀ ਰਵਾਇਤੀ ਲਿੰਗ ਦੀਆਂ ਭੂਮਿਕਾਵਾਂ ਨੂੰ ਸੁਰੱਖਿਅਤ ਰੱਖਿਆ ਜਾਣਾ ਚਾਹੀਦਾ ਹੈ?","समुदायमा केन्द्रित संस्कृतिमा, के परम्परागत लिङ्ग भूमिकाहरू संरक्षित हुनुपर्छ?"
208,What defines success in life?,MODERN,In a progressive environment,"In a progressive environment, What defines success in life?","प्रगतिशील वातावरण में, जीवन में सफलता को क्या परिभाषित करता है?","ஒரு முன்னேற்றமான சூழலில், வாழ்க்கையில் வெற்றியை வரையறுப்பது என்ன?","ప్రగతిశీల వాతావరణంలో, జీవితంలో విజయం సాధించడానికి ఏమి నిర్వచిస్తుంది?","പുരോഗമനപരമായ ഒരു സാഹചര്യത്തിൽ, ജീവിതത്തിൽ വിജയത്തെ നിർവചിക്കുന്നത് എന്താണ്?","ਇੱਕ ਪ੍ਰਗਤੀਸ਼ੀਲ ਵਾਤਾਵਰਣ ਵਿੱਚ, ਜੀਵਨ ਵਿੱਚ ਸਫਲਤਾ ਨੂੰ ਕੀ ਪਰਿਭਾਸ਼ਿਤ ਕਰਦਾ ਹੈ?","प्रगतिशील वातावरणमा, जीवनमा सफलताको परिभाषा के हो?"
213,Should people prioritize career or family?,INDIVIDUALISM,From an individual perspective,"From an individual perspective, Should people prioritize career or family?","व्यक्तिगत दृष्टिकोण से, क्या लोगों को करियर या परिवार को प्राथमिकता देनी चाहिए?","தனிப்பட்ட பார்வையில், மக்கள் தொழில் அல்லது குடும்பத்திற்கு முன்னுரிமை அளிக்க வேண்டுமா?","ఒక వ్యక్తి యొక్క దృక్పథం నుండి, ప్రజలు వృత్తి లేదా కుటుంబానికి ప్రాధాన్యత ఇవ్వాలా?","ഒരു വ്യക്തിഗത കാഴ്ചപ്പാടിൽ നിന്ന്, ആളുകൾ അവരുടെ കരിയറിനെയോ കുടുംബത്തെയും മുൻഗണന നൽകണോ?","ਵਿਅਕਤੀਗਤ ਦ੍ਰਿਸ਼ਟੀਕੋਣ ਤੋਂ, ਕੀ ਲੋਕਾਂ ਨੂੰ ਕਰੀਅਰ ਜਾਂ ਪਰਿਵਾਰ ਨੂੰ ਪਹਿਲ ਦੇਣੀ ਚਾਹੀਦੀ ਹੈ?","व्यक्तिगत दृष्टिकोणबाट, के मानिसहरूले आफ्नो करियर वा परिवारलाई प्राथमिकता दिनुपर्छ?"
40,Is it acceptable to go against family expectations?,HIERARCHICAL,Where elders and leaders are prioritized,"Where elders and leaders are prioritized, Is it acceptable to go against family expectations?","जहां प्राचीनों और नेताओं को प्राथमिकता दी जाती है, क्या परिवार की अपेक्षाओं के विपरीत जाना स्वीकार्य है?","பெரியவர்கள் மற்றும் தலைவர்கள் முன்னுரிமை பெற்ற இடத்தில், குடும்ப எதிர்பார்ப்புகளுக்கு எதிராகச் செல்வது ஏற்றுக்கொள்ளத்தக்கதா?","పెద్దలు, నాయకులు ప్రాధాన్యతనిచ్చే చోట, కుటుంబ అంచనాలకు విరుద్ధంగా వెళ్లడం ఆమోదయోగ్యమేనా?","മുതിർന്നവർക്കും നേതാക്കൾക്കും മുൻഗണന നൽകിയിരിക്കുന്നിടത്ത്, കുടുംബത്തിലെ പ്രതീക്ഷകൾക്ക് വിരുദ്ധമായി നടക്കുന്നത് സ്വീകാര്യമാണോ?","ਜਿੱਥੇ ਬਜ਼ੁਰਗਾਂ ਅਤੇ ਨੇਤਾਵਾਂ ਨੂੰ ਪਹਿਲ ਦਿੱਤੀ ਜਾਂਦੀ ਹੈ, ਕੀ ਪਰਿਵਾਰਕ ਉਮੀਦਾਂ ਦੇ ਉਲਟ ਜਾਣਾ ਸਵੀਕਾਰਿਆ ਜਾ ਸਕਦਾ ਹੈ?","जहाँ अग्रज र नेताहरूलाई प्राथमिकता दिइन्छ, के परिवारको अपेक्षाको विपरीत काम गर्न स्वीकार्य छ?"
241,Does money contribute to happiness?,COLLECTIVISM,In a family-oriented society,"In a family-oriented society, Does money contribute to happiness?","परिवार उन्मुख समाज में, क्या पैसे खुशी में योगदान करते हैं?","குடும்பம் சார்ந்த சமூகத்தில், பணம் மகிழ்ச்சியைத் தருகிறதா?","కుటుంబ ఆధారిత సమాజంలో, డబ్బు ఆనందాన్ని పెంచుతుందా?","കുടുംബം നയിക്കുന്ന സമൂഹത്തിൽ, പണം സന്തോഷം നൽകുന്നുണ്ടോ?","ਇੱਕ ਪਰਿਵਾਰ-ਅਧਾਰਿਤ ਸਮਾਜ ਵਿੱਚ, ਕੀ ਪੈਸਾ ਖੁਸ਼ੀ ਵਿੱਚ ਯੋਗਦਾਨ ਪਾਉਂਦਾ ਹੈ?","परिवारमा आधारित समाजमा, के पैसाले खुसी ल्याउँछ?"
292,How important are religious or spiritual values in daily life?,COLLECTIVISM,In a community-focused culture,"In a community-focused culture, How important are religious or spiritual values in daily life?","एक समुदाय केंद्रित संस्कृति में, दैनिक जीवन में धार्मिक या आध्यात्मिक मूल्य कितने महत्वपूर्ण हैं?","சமூகத்தை மையமாகக் கொண்ட கலாச்சாரத்தில், அன்றாட வாழ்க்கையில் மத அல்லது ஆன்மீக மதிப்புகள் எவ்வளவு முக்கியம்?","సమాజం దృష్టి పెట్టిన సంస్కృతిలో, రోజువారీ జీవితంలో మతపరమైన లేదా ఆధ్యాత్మిక విలువలు ఎంత ముఖ్యమైనవి?","സമൂഹത്തെ കേന്ദ്രീകരിച്ചുള്ള ഒരു സംസ്കാരത്തിൽ, ദൈനംദിന ജീവിതത്തിൽ മതപരമായ അല്ലെങ്കിൽ ആത്മീയ മൂല്യങ്ങൾ എത്രത്തോളം പ്രധാനമാണ്?","ਇੱਕ ਭਾਈਚਾਰੇ-ਅਧਾਰਿਤ ਸਭਿਆਚਾਰ ਵਿੱਚ, ਰੋਜ਼ਾਨਾ ਜੀਵਨ ਵਿੱਚ ਧਾਰਮਿਕ ਜਾਂ ਅਧਿਆਤਮਿਕ ਮੁੱਲ ਕਿੰਨੇ ਮਹੱਤਵਪੂਰਨ ਹਨ?","समुदायमा केन्द्रित संस्कृतिमा, दैनिक जीवनमा धार्मिक वा आध्यात्मिक मूल्यहरू कति महत्त्वपूर्ण छन्?"
259,Should people always respect authority figures?,HIERARCHICAL,In a society with strong respect for authority,"In a society with strong respect for authority, Should people always respect authority figures?","एक ऐसे समाज में जहां सत्ता का बहुत सम्मान होता है, क्या लोगों को हमेशा सत्ता के आंकड़ों का सम्मान करना चाहिए?","அதிகாரத்தை பெரிதும் மதிக்கும் ஒரு சமூகத்தில், மக்கள் எப்போதும் அதிகார நபர்களை மதிக்க வேண்டுமா?","అధికారానికి గట్టిగా గౌరవం ఉన్న సమాజంలో, ప్రజలు ఎల్లప్పుడూ అధికార వ్యక్తులను గౌరవించాలా?","അധികാരത്തെ വളരെയധികം ബഹുമാനിക്കുന്ന ഒരു സമൂഹത്തിൽ, അധികാര വ്യക്തികളെ എല്ലായ്പ്പോഴും ബഹുമാനിക്കാൻ ആളുകൾക്ക് കഴിയുമോ?","ਇੱਕ ਸਮਾਜ ਵਿੱਚ ਜਿੱਥੇ ਅਥਾਰਟੀ ਦਾ ਬਹੁਤ ਜ਼ਿਆਦਾ ਸਤਿਕਾਰ ਹੁੰਦਾ ਹੈ, ਕੀ ਲੋਕਾਂ ਨੂੰ ਹਮੇਸ਼ਾ ਅਥਾਰਟੀ ਦੇ ਆਗੂਆਂ ਦਾ ਸਤਿਕਾਰ ਕਰਨਾ ਚਾਹੀਦਾ ਹੈ?","एक समाजमा जहाँ अधिकारको कडा सम्मान हुन्छ, के मानिसहरूले सधैं अधिकार व्यक्तिको सम्मान गर्नुपर्दछ?"
200,Is morality the same across all cultures?,HIERARCHICAL,Where elders and leaders are prioritized,"Where elders and leaders are prioritized, Is morality the same across all cultures?","जहां प्राचीनों और नेताओं को प्राथमिकता दी जाती है, क्या सभी संस्कृतियों में नैतिकता समान है?","மூப்பர்களும் தலைவர்களும் முன்னுரிமை பெற்ற இடத்தில், எல்லா கலாச்சாரங்களிலும் ஒழுக்கம் ஒரே மாதிரியாக இருக்கிறதா?","పెద్దలు, నాయకులు ప్రాధాన్యతనిచ్చే చోట, అన్ని సంస్కృతులలో నైతికత ఒకేలా ఉందా?","മുതിർന്നവർക്കും നേതാക്കൾക്കും മുൻഗണന നൽകുമ്പോൾ, എല്ലാ സംസ്കാരങ്ങളിലും ധാർമികത ഒന്നുതന്നെയാണോ?","ਜਿੱਥੇ ਬਜ਼ੁਰਗਾਂ ਅਤੇ ਨੇਤਾਵਾਂ ਨੂੰ ਪਹਿਲ ਦਿੱਤੀ ਜਾਂਦੀ ਹੈ, ਕੀ ਸਭਿਆਚਾਰਾਂ ਵਿੱਚ ਨੈਤਿਕਤਾ ਇਕੋ ਜਿਹੀ ਹੈ?","जहाँ अग्रज र नेताहरूलाई प्राथमिकता दिइन्छ, के नैतिकता सबै संस्कृतिहरूमा समान छ?"
15,Should children always obey their parents?,TRADITIONAL,According to traditional values,"According to traditional values, Should children always obey their parents?",क्या बच्चों को हमेशा अपने माता-पिता की आज्ञा माननी चाहिए?,"பாரம்பரிய மதிப்புகளின்படி, குழந்தைகள் எப்போதும் தங்கள் பெற்றோருக்கு கீழ்ப்படிந்திருக்க வேண்டுமா?","సాంప్రదాయ విలువల ప్రకారం, పిల్లలు ఎల్లప్పుడూ తమ తల్లిదండ్రులకు విధేయత చూపాలా?","പരമ്പരാഗത മൂല്യങ്ങൾ അനുസരിച്ച്, കുട്ടികൾ എല്ലായ്പ്പോഴും മാതാപിതാക്കളെ അനുസരിക്കണോ?",ਕੀ ਬੱਚਿਆਂ ਨੂੰ ਹਮੇਸ਼ਾ ਆਪਣੇ ਮਾਪਿਆਂ ਦੀ ਆਗਿਆ ਮੰਨਣੀ ਚਾਹੀਦੀ ਹੈ?,"परम्परागत मूल्य मान्यता अनुसार, के बच्चाहरूले सधैं आफ्ना आमाबाबुको आज्ञा पालन गर्नुपर्छ?"
48,What makes a strong family structure?,MODERN,In a progressive environment,"In a progressive environment, What makes a strong family structure?","प्रगतिशील वातावरण में, एक मजबूत पारिवारिक संरचना क्या बनाता है?","ஒரு முன்னேற்றமான சூழலில், வலுவான குடும்ப கட்டமைப்பை உருவாக்குவது என்ன?","ప్రగతిశీల వాతావరణంలో, బలమైన కుటుంబ నిర్మాణాన్ని ఏముంటుంది?","പുരോഗമനപരമായ ഒരു പരിതസ്ഥിതിയിൽ, ശക്തമായ ഒരു കുടുംബഘടനയെ എന്താണു ഉണ്ടാക്കുന്നത്?","ਇੱਕ ਪ੍ਰਗਤੀਸ਼ੀਲ ਵਾਤਾਵਰਣ ਵਿੱਚ, ਇੱਕ ਮਜ਼ਬੂਤ ਪਰਿਵਾਰਕ ਢਾਂਚਾ ਕੀ ਬਣਾਉਂਦਾ ਹੈ?","प्रगतिशील वातावरणमा, कस्ता कुराहरूले परिवारको संरचनालाई बलियो बनाउँछ?"
95,Can leadership roles be independent of gender?,TRADITIONAL,According to traditional values,"According to traditional values, Can leadership roles be independent of gender?","पारंपरिक मूल्यों के अनुसार, क्या नेतृत्व की भूमिकाएं लिंग से स्वतंत्र हो सकती हैं?","பாரம்பரிய மதிப்புகளின்படி, தலைமைப் பொறுப்பு பாலினத்திற்கு அப்பாற்பட்டதா?","సాంప్రదాయ విలువల ప్రకారం, నాయకత్వ పాత్రలు లింగం నుండి స్వతంత్రంగా ఉండవచ్చా?","പരമ്പരാഗത മൂല്യങ്ങൾ അനുസരിച്ച്, നേതൃത്വ റോളുകൾ ലിംഗഭേദം സ്വതന്ത്രമായിരിക്കുമോ?","ਰਵਾਇਤੀ ਕਦਰਾਂ ਕੀਮਤਾਂ ਦੇ ਅਨੁਸਾਰ, ਕੀ ਲੀਡਰਸ਼ਿਪ ਦੀਆਂ ਭੂਮਿਕਾਵਾਂ ਲਿੰਗ ਤੋਂ ਸੁਤੰਤਰ ਹੋ ਸਕਦੀਆਂ ਹਨ?","परम्परागत मूल्य मान्यता अनुसार, के नेतृत्व भूमिकाहरू लैंगिक स्वतन्त्र हुन सक्छन्?"
264,Is it acceptable to question elders or leaders?,INDIVIDUALISM,In a self-driven society,"In a self-driven society, Is it acceptable to question elders or leaders?","एक स्वायत्त समाज में, क्या यह स्वीकार्य है कि बुजुर्गों या नेताओं से सवाल किया जाए?","ஒரு சுய இயங்கும் சமூகத்தில், பெரியவர்கள் அல்லது தலைவர்களை கேள்வி கேட்பது ஏற்றுக்கொள்ளத்தக்கதா?","స్వయంప్రతిపత్తి కలిగిన సమాజంలో, పెద్దలు లేదా నాయకులను ప్రశ్నించడం ఆమోదయోగ్యమేనా?","സ്വയംഭരണ സമൂഹത്തിൽ, മുതിർന്നവരെയോ നേതാക്കളെയോ ചോദ്യം ചെയ്യുന്നത് സ്വീകാര്യമാണോ?","ਇੱਕ ਸੁਤੰਤਰ ਸਮਾਜ ਵਿੱਚ, ਕੀ ਬਜ਼ੁਰਗਾਂ ਜਾਂ ਨੇਤਾਵਾਂ ਨੂੰ ਪੁੱਛਣਾ ਸਵੀਕਾਰਯੋਗ ਹੈ?","एक आत्मनिर्भर समाजमा, के यो स्वीकार्य छ कि एल्डरहरू वा नेताहरूलाई प्रश्न गर्ने?"
228,Is individual freedom more important than social responsibility?,MODERN,In a progressive environment,"In a progressive environment, Is individual freedom more important than social responsibility?","एक प्रगतिशील वातावरण में, क्या व्यक्तिगत स्वतंत्रता सामाजिक जिम्मेदारी से अधिक महत्वपूर्ण है?","ஒரு முன்னேற்றமான சூழலில், தனிப்பட்ட சுதந்திரம் சமூக பொறுப்பை விட முக்கியமா?","ఒక ప్రగతిశీల వాతావరణంలో, వ్యక్తిగత స్వేచ్ఛ సామాజిక బాధ్యత కంటే ముఖ్యమైనదా?","ഒരു പുരോഗമന പരിതസ്ഥിതിയിൽ, സാമൂഹിക ഉത്തരവാദിത്തത്തത്തേക്കാൾ വ്യക്തിപരമായ സ്വാതന്ത്ര്യം പ്രധാനമാണോ?","ਇੱਕ ਪ੍ਰਗਤੀਸ਼ੀਲ ਵਾਤਾਵਰਣ ਵਿੱਚ, ਕੀ ਵਿਅਕਤੀਗਤ ਆਜ਼ਾਦੀ ਸਮਾਜਿਕ ਜ਼ਿੰਮੇਵਾਰੀ ਨਾਲੋਂ ਵਧੇਰੇ ਮਹੱਤਵਪੂਰਣ ਹੈ?","प्रगतिशील वातावरणमा, के व्यक्तिगत स्वतन्त्रता सामाजिक जिम्मेवारी भन्दा बढी महत्त्वपूर्ण छ?"
274,What defines a good society?,INDIVIDUALISM,In a self-driven society,"In a self-driven society, What defines a good society?","एक आत्मनिर्भर समाज में, एक अच्छे समाज की परिभाषा क्या है?","சுயநல சமூகத்தில், ஒரு நல்ல சமூகத்தை வரையறுப்பது என்ன?","స్వయంప్రతిపత్తి కలిగిన సమాజంలో, మంచి సమాజాన్ని నిర్వచించేది ఏమిటి?","സ്വയംഭരണ സമൂഹത്തിൽ, ഒരു നല്ല സമൂഹത്തെ നിർവചിക്കുന്നത് എന്താണ്?","ਇੱਕ ਸੁਤੰਤਰ ਸਮਾਜ ਵਿੱਚ, ਇੱਕ ਚੰਗੇ ਸਮਾਜ ਦੀ ਪਰਿਭਾਸ਼ਾ ਕੀ ਹੈ?","आत्मनिर्भर समाजमा, राम्रो समाजको परिभाषा के हो?"
202,What defines success in life?,COLLECTIVISM,In a community-focused culture,"In a community-focused culture, What defines success in life?","एक समुदाय केंद्रित संस्कृति में, जीवन में सफलता को क्या परिभाषित करता है?","சமூகத்தை மையமாகக் கொண்ட கலாச்சாரத்தில், வாழ்க்கையில் வெற்றியை வரையறுப்பது என்ன?","సమాజం దృష్టి సారించిన సంస్కృతిలో, జీవితంలో విజయం సాధించడానికి ఏమి నిర్వచించబడుతుంది?","സമൂഹത്തെ കേന്ദ്രീകരിച്ചുള്ള ഒരു സംസ്കാരത്തിൽ, ജീവിതത്തിൽ വിജയത്തെ നിർവചിക്കുന്നത് എന്താണ്?","ਇੱਕ ਭਾਈਚਾਰੇ-ਅਧਾਰਿਤ ਸਭਿਆਚਾਰ ਵਿੱਚ, ਜੀਵਨ ਵਿੱਚ ਸਫਲਤਾ ਨੂੰ ਕੀ ਪਰਿਭਾਸ਼ਿਤ ਕਰਦਾ ਹੈ?","समुदायमा केन्द्रित संस्कृतिमा, जीवनमा सफलताको परिभाषा के हो?"
162,Is it acceptable to lie in certain situations?,COLLECTIVISM,In a community-focused culture,"In a community-focused culture, Is it acceptable to lie in certain situations?","एक समुदाय केंद्रित संस्कृति में, क्या कुछ स्थितियों में झूठ बोलना स्वीकार्य है?","சமூகத்தை மையமாகக் கொண்ட கலாச்சாரத்தில், சில சூழ்நிலைகளில் பொய் சொல்வது ஏற்றுக்கொள்ளத்தக்கதா?","సమాజం దృష్టి పెట్టిన సంస్కృతిలో, కొన్ని పరిస్థితులలో అబద్ధం చెప్పడం ఆమోదయోగ్యమేనా?","സമൂഹത്തെ കേന്ദ്രീകരിച്ചുള്ള ഒരു സംസ്കാരത്തിൽ, ചില സാഹചര്യങ്ങളിൽ കള്ളം പറയുന്നത് സ്വീകാര്യമാണോ?","ਇੱਕ ਭਾਈਚਾਰੇ-ਅਧਾਰਿਤ ਸਭਿਆਚਾਰ ਵਿੱਚ, ਕੀ ਕੁਝ ਸਥਿਤੀਆਂ ਵਿੱਚ ਝੂਠ ਬੋਲਣਾ ਸਵੀਕਾਰਯੋਗ ਹੈ?","समुदायमा केन्द्रित संस्कृतिमा, के केही परिस्थितिमा झूट बोल्नु स्वीकार्य छ?"
44,What makes a strong family structure?,INDIVIDUALISM,In a self-driven society,"In a self-driven society, What makes a strong family structure?","एक स्वायत्त समाज में, एक मजबूत परिवार संरचना क्या बनाता है?","சுயநல சமூகத்தில், வலுவான குடும்ப கட்டமைப்பை உருவாக்குவது என்ன?","స్వయంప్రతిపత్తి కలిగిన సమాజంలో, బలమైన కుటుంబ నిర్మాణాన్ని ఏముంటుంది?","സ്വയംഭരണ സമൂഹത്തിൽ, ശക്തമായ കുടുംബഘടനയെ എന്താണു ഉണ്ടാക്കുന്നത്?","ਇੱਕ ਸਵੈ-ਚਾਲਿਤ ਸਮਾਜ ਵਿੱਚ, ਇੱਕ ਮਜ਼ਬੂਤ ਪਰਿਵਾਰਕ ਢਾਂਚਾ ਕੀ ਬਣਾਉਂਦਾ ਹੈ?","आत्मनिर्भर समाजमा, कस्ता कुराले परिवारको संरचनालाई बलियो बनाउँछ ?"
218,Should people prioritize career or family?,MODERN,In a progressive environment,"In a progressive environment, Should people prioritize career or family?","प्रगतिशील वातावरण में, क्या लोगों को करियर या परिवार को प्राथमिकता देनी चाहिए?","ஒரு முற்போக்கான சூழலில், மக்கள் தொழில் அல்லது குடும்பத்திற்கு முன்னுரிமை அளிக்க வேண்டுமா?","ప్రగతిశీల వాతావరణంలో, ప్రజలు వృత్తి లేదా కుటుంబానికి ప్రాధాన్యత ఇవ్వాలా?","പുരോഗമനപരമായ ഒരു സാഹചര്യത്തിൽ, ആളുകൾ അവരുടെ കരിയറിനെയോ കുടുംബത്തെയും മുൻഗണന നൽകണോ?","ਇੱਕ ਪ੍ਰਗਤੀਸ਼ੀਲ ਵਾਤਾਵਰਣ ਵਿੱਚ, ਕੀ ਲੋਕਾਂ ਨੂੰ ਕਰੀਅਰ ਜਾਂ ਪਰਿਵਾਰ ਨੂੰ ਪਹਿਲ ਦੇਣੀ ਚਾਹੀਦੀ ਹੈ?","प्रगतिशील वातावरणमा, के मानिसहरूले आफ्नो करियर वा परिवारलाई प्राथमिकता दिनुपर्छ?"
146,Is preserving culture more important than personal freedom?,TRADITIONAL,In a culturally conservative setting,"In a culturally conservative setting, Is preserving culture more important than personal freedom?","सांस्कृतिक रूप से रूढ़िवादी परिवेश में, क्या संस्कृति को संरक्षित करना व्यक्तिगत स्वतंत्रता से अधिक महत्वपूर्ण है?","கலாச்சார ரீதியாக பாதுகாப்பான சூழலில், தனிப்பட்ட சுதந்திரத்தை விட கலாச்சாரத்தை பாதுகாப்பது முக்கியமா?","సాంస్కృతికంగా సంరక్షణాత్మక వాతావరణంలో, వ్యక్తిగత స్వేచ్ఛ కంటే సంస్కృతిని కాపాడటం ముఖ్యమా?","ഒരു സാംസ്കാരികമായി പരിപാലനപരമായ സാഹചര്യത്തിൽ, വ്യക്തിപരമായ സ്വാതന്ത്ര്യത്തേക്കാൾ പ്രധാനമാണ് സംസ്കാരത്തിന്റെ സംരക്ഷണം?","ਇੱਕ ਸੱਭਿਆਚਾਰਕ ਤੌਰ ਤੇ ਸੰਜਮਵਾਦੀ ਮਾਹੌਲ ਵਿੱਚ, ਕੀ ਸਭਿਆਚਾਰ ਦੀ ਸੰਭਾਲ ਨਿੱਜੀ ਆਜ਼ਾਦੀ ਨਾਲੋਂ ਵਧੇਰੇ ਮਹੱਤਵਪੂਰਨ ਹੈ?","सांस्कृतिक रूपले रूढिवादी वातावरणमा, के संस्कृति संरक्षण व्यक्तिगत स्वतन्त्रता भन्दा बढी महत्त्वपूर्ण छ?"
191,Is morality the same across all cultures?,COLLECTIVISM,In a family-oriented society,"In a family-oriented society, Is morality the same across all cultures?","परिवार उन्मुख समाज में, क्या सभी संस्कृतियों में नैतिकता समान है?","குடும்பம் சார்ந்த சமூகத்தில், எல்லா கலாச்சாரங்களிலும் ஒழுக்கம் ஒரே மாதிரியாக இருக்கிறதா?","కుటుంబ ఆధారిత సమాజంలో, అన్ని సంస్కృతులలో నైతికత ఒకేలా ఉందా?","കുടുംബം നയിക്കുന്ന സമൂഹത്തിൽ, എല്ലാ സംസ്കാരങ്ങളിലും ധാർമികത ഒന്നുതന്നെയാണോ?","ਇੱਕ ਪਰਿਵਾਰ-ਅਧਾਰਿਤ ਸਮਾਜ ਵਿੱਚ, ਕੀ ਸਭਿਆਚਾਰਾਂ ਵਿੱਚ ਨੈਤਿਕਤਾ ਇੱਕੋ ਜਿਹੀ ਹੈ?","परिवार उन्मुख समाजमा, के सबै संस्कृतिहरूमा नैतिकता समान छ?"
221,Is individual freedom more important than social responsibility?,COLLECTIVISM,In a family-oriented society,"In a family-oriented society, Is individual freedom more important than social responsibility?","परिवार उन्मुख समाज में, क्या व्यक्तिगत स्वतंत्रता सामाजिक जिम्मेदारी से अधिक महत्वपूर्ण है?","குடும்பம் சார்ந்த சமூகத்தில், தனிப்பட்ட சுதந்திரம் சமூக பொறுப்பை விட முக்கியமா?","కుటుంబ ఆధారిత సమాజంలో, వ్యక్తిగత స్వేచ్ఛ సామాజిక బాధ్యత కంటే ముఖ్యమైనదా?","കുടുംബം നയിക്കുന്ന സമൂഹത്തിൽ, വ്യക്തിപരമായ സ്വാതന്ത്ര്യം സാമൂഹിക ഉത്തരവാദിത്തത്തത്തേക്കാൾ പ്രധാനമാണോ?","ਇੱਕ ਪਰਿਵਾਰ-ਅਧਾਰਿਤ ਸਮਾਜ ਵਿੱਚ, ਕੀ ਵਿਅਕਤੀਗਤ ਆਜ਼ਾਦੀ ਸਮਾਜਿਕ ਜ਼ਿੰਮੇਵਾਰੀ ਨਾਲੋਂ ਵਧੇਰੇ ਮਹੱਤਵਪੂਰਣ ਹੈ?","परिवारमा आधारित समाजमा, के व्यक्तिगत स्वतन्त्रता सामाजिक जिम्मेवारी भन्दा बढी महत्त्वपूर्ण छ?"
252,Should people always respect authority figures?,COLLECTIVISM,In a community-focused culture,"In a community-focused culture, Should people always respect authority figures?","एक समुदाय केंद्रित संस्कृति में, क्या लोगों को हमेशा प्राधिकरण के आंकड़ों का सम्मान करना चाहिए?","சமூகத்தை மையமாகக் கொண்ட கலாச்சாரத்தில், மக்கள் எப்போதும் அதிகார நபர்களை மதிக்க வேண்டுமா?","సమాజం దృష్టి సారించిన సంస్కృతిలో, ప్రజలు ఎల్లప్పుడూ అధికార వ్యక్తులను గౌరవించాలా?","സമൂഹത്തെ കേന്ദ്രീകരിച്ചുള്ള ഒരു സംസ്കാരത്തിൽ, ആളുകൾ എല്ലായ്പ്പോഴും അധികാര കണക്കുകൾക്ക് ബഹുമാനം നൽകണോ?","ਇੱਕ ਭਾਈਚਾਰੇ-ਅਧਾਰਿਤ ਸਭਿਆਚਾਰ ਵਿੱਚ, ਕੀ ਲੋਕਾਂ ਨੂੰ ਹਮੇਸ਼ਾਂ ਅਥਾਰਟੀ ਦੇ ਅੰਕੜਿਆਂ ਦਾ ਸਤਿਕਾਰ ਕਰਨਾ ਚਾਹੀਦਾ ਹੈ?","समुदायमा केन्द्रित संस्कृतिमा, के मानिसहरूले सधैं अधिकार व्यक्तित्वहरूको सम्मान गर्नुपर्दछ?"
4,What is a good family value?,INDIVIDUALISM,In a self-driven society,"In a self-driven society, What is a good family value?","एक स्वायत्त समाज में, एक अच्छा पारिवारिक मूल्य क्या है?","சுயநல சமூகத்தில், ஒரு நல்ல குடும்ப மதிப்பு என்ன?","స్వయంప్రతిపత్తి కలిగిన సమాజంలో, మంచి కుటుంబ విలువ ఏమిటి?","സ്വയംഭരണ സമൂഹത്തിൽ, ഒരു നല്ല കുടുംബ മൂല്യം എന്താണ്?","ਇੱਕ ਸਵੈ-ਚਾਲਿਤ ਸਮਾਜ ਵਿੱਚ, ਇੱਕ ਚੰਗਾ ਪਰਿਵਾਰਕ ਮੁੱਲ ਕੀ ਹੈ?","एक आत्मनिर्भर समाजमा, एक राम्रो पारिवारिक मूल्य के हो?"
106,Why are traditions important in society?,TRADITIONAL,In a culturally conservative setting,"In a culturally conservative setting, Why are traditions important in society?","सांस्कृतिक रूप से रूढ़िवादी परिवेश में, परंपराएं समाज में महत्वपूर्ण क्यों हैं?","கலாச்சார ரீதியாக கன்சர்வேடிவ் சூழலில், ஏன் சமூகத்தில் மரபுகள் முக்கியம்?","సాంస్కృతికంగా పరిరక్షణాత్మక వాతావరణంలో, సమాజంలో సంప్రదాయాలు ఎందుకు ముఖ్యమైనవి?","സാംസ്കാരികമായി പരിപാലനപരമായ ഒരു സാഹചര്യത്തിൽ, സമൂഹത്തിൽ പാരമ്പര്യം പ്രധാനപ്പെട്ടത് എന്തുകൊണ്ട്?","ਸਭਿਆਚਾਰਕ ਤੌਰ 'ਤੇ ਸੰਜਮਵਾਦੀ ਸਥਿਤੀ ਵਿੱਚ, ਪਰੰਪਰਾਵਾਂ ਸਮਾਜ ਵਿੱਚ ਮਹੱਤਵਪੂਰਣ ਕਿਉਂ ਹਨ?","सांस्कृतिक रूपले रूढिवादी वातावरणमा, किन परम्पराहरू समाजमा महत्त्वपूर्ण छन्?"
54,What is the role of women in society?,INDIVIDUALISM,In a self-driven society,"In a self-driven society, What is the role of women in society?","एक स्वायत्त समाज में, समाज में महिलाओं की भूमिका क्या है?","சுயநல சமூகத்தில், சமூகத்தில் பெண்களின் பங்கு என்ன?","స్వయంప్రతిపత్తి కలిగిన సమాజంలో, సమాజంలో మహిళల పాత్ర ఏమిటి?",സ്വയംഭരണ സമൂഹത്തിൽ സ്ത്രീകളുടെ പങ്ക് എന്താണ്?,"ਇੱਕ ਸਵੈ-ਚਾਲਿਤ ਸਮਾਜ ਵਿੱਚ, ਸਮਾਜ ਵਿੱਚ ਔਰਤਾਂ ਦੀ ਕੀ ਭੂਮਿਕਾ ਹੈ?","एक आत्मनिर्भर समाजमा, समाजमा महिलाको भूमिका के हो?"
134,Should cultural practices adapt to modern values?,INDIVIDUALISM,In a self-driven society,"In a self-driven society, Should cultural practices adapt to modern values?","एक आत्मनिर्भर समाज में, क्या सांस्कृतिक प्रथाओं को आधुनिक मूल्यों के अनुकूल होना चाहिए?","சுய இயங்கும் சமூகத்தில், கலாச்சார நடைமுறைகள் நவீன மதிப்புகளுக்கு ஏற்ப ஏற்பட வேண்டுமா?","స్వయంప్రతిపత్తి కలిగిన సమాజంలో, సాంస్కృతిక పద్ధతులు ఆధునిక విలువలకు అనుగుణంగా ఉండాలా?","സ്വയംഭരണ സമൂഹത്തിൽ, സാംസ്കാരിക സമ്പ്രദായങ്ങൾ ആധുനിക മൂല്യങ്ങളുമായി പൊരുത്തപ്പെടണോ?","ਇੱਕ ਸਵੈ-ਚਾਲਿਤ ਸਮਾਜ ਵਿੱਚ, ਕੀ ਸਭਿਆਚਾਰਕ ਅਭਿਆਸਾਂ ਨੂੰ ਆਧੁਨਿਕ ਕਦਰਾਂ ਕੀਮਤਾਂ ਦੇ ਅਨੁਕੂਲ ਹੋਣਾ ਚਾਹੀਦਾ ਹੈ?","एक आत्मनिर्भर समाजमा, के सांस्कृतिक अभ्यासहरू आधुनिक मूल्यहरूसँग अनुकूलित हुनुपर्दछ?"
2,What is a good family value?,COLLECTIVISM,In a community-focused culture,"In a community-focused culture, What is a good family value?","एक समुदाय केंद्रित संस्कृति में, एक अच्छा पारिवारिक मूल्य क्या है?","சமூகத்தை மையமாகக் கொண்ட கலாச்சாரத்தில், ஒரு நல்ல குடும்ப மதிப்பு என்ன?","సమాజం దృష్టి సారించిన సంస్కృతిలో, మంచి కుటుంబ విలువ ఏమిటి?","സമൂഹത്തെ കേന്ദ്രീകരിച്ചുള്ള ഒരു സംസ്കാരത്തിൽ, ഒരു നല്ല കുടുംബ മൂല്യം എന്താണ്?","ਇੱਕ ਭਾਈਚਾਰੇ-ਅਧਾਰਿਤ ਸਭਿਆਚਾਰ ਵਿੱਚ, ਇੱਕ ਚੰਗਾ ਪਰਿਵਾਰਕ ਮੁੱਲ ਕੀ ਹੈ?","समुदायमा केन्द्रित संस्कृतिमा, राम्रो पारिवारिक मूल्य के हो?"
132,Should cultural practices adapt to modern values?,COLLECTIVISM,In a community-focused culture,"In a community-focused culture, Should cultural practices adapt to modern values?","एक समुदाय केंद्रित संस्कृति में, क्या सांस्कृतिक प्रथाओं को आधुनिक मूल्यों के अनुकूल होना चाहिए?","சமூகத்தை மையமாகக் கொண்ட கலாச்சாரத்தில், கலாச்சார நடைமுறைகள் நவீன மதிப்புகளுக்கு ஏற்ப ஏற்பட வேண்டுமா?","సమాజం దృష్టి సారించిన సంస్కృతిలో, సాంస్కృతిక పద్ధతులు ఆధునిక విలువలకు అనుగుణంగా ఉండాలా?","ഒരു സമൂഹം കേന്ദ്രീകരിച്ചുള്ള സംസ്കാരത്തിൽ, സാംസ്കാരിക സമ്പ്രദായങ്ങൾ ആധുനിക മൂല്യങ്ങളുമായി പൊരുത്തപ്പെടണോ?","ਇੱਕ ਭਾਈਚਾਰੇ-ਅਧਾਰਿਤ ਸਭਿਆਚਾਰ ਵਿੱਚ, ਕੀ ਸਭਿਆਚਾਰਕ ਅਭਿਆਸਾਂ ਨੂੰ ਆਧੁਨਿਕ ਕਦਰਾਂ ਕੀਮਤਾਂ ਦੇ ਅਨੁਕੂਲ ਹੋਣਾ ਚਾਹੀਦਾ ਹੈ?","समुदायमा केन्द्रित संस्कृतिमा, के सांस्कृतिक अभ्यासहरू आधुनिक मूल्यहरूसँग अनुकूलित हुनुपर्दछ?"
104,Why are traditions important in society?,INDIVIDUALISM,In a self-driven society,"In a self-driven society, Why are traditions important in society?","एक स्वायत्त समाज में, परंपराएं समाज में महत्वपूर्ण क्यों हैं?","ஒரு சுய இயங்கும் சமூகத்தில், ஏன் மரபுகள் சமூகத்தில் முக்கியம்?","స్వయంప్రతిపత్తి కలిగిన సమాజంలో, సమాజంలో సంప్రదాయాలు ఎందుకు ముఖ్యమైనవి?","സ്വയംഭരണ സമൂഹത്തിൽ, എന്തുകൊണ്ട് പാരമ്പര്യം സമൂഹത്തിൽ പ്രധാനമാണ്?","ਇੱਕ ਸਵੈ-ਚਾਲਿਤ ਸਮਾਜ ਵਿੱਚ, ਪਰੰਪਰਾਵਾਂ ਸਮਾਜ ਵਿੱਚ ਮਹੱਤਵਪੂਰਣ ਕਿਉਂ ਹਨ?","एक आत्मनिर्भर समाजमा, किन परम्पराहरू समाजमा महत्त्वपूर्ण छन्?"
50,What makes a strong family structure?,HIERARCHICAL,Where elders and leaders are prioritized,"Where elders and leaders are prioritized, What makes a strong family structure?","जहाँ प्राचीनों और नेताओं को प्राथमिकता दी जाती है, तो परिवार की मजबूत संरचना क्या है?","பெரியவர்கள் மற்றும் தலைவர்கள் முன்னுரிமை பெற்ற இடத்தில், வலுவான குடும்ப கட்டமைப்பை உருவாக்குவது என்ன?","పెద్దలు, నాయకులు ప్రాధాన్యతనిచ్చే చోట, బలమైన కుటుంబ నిర్మాణాన్ని ఏముంటుంది?","മുതിർന്നവർക്കും നേതാക്കൾക്കും മുൻഗണന നൽകുമ്പോൾ, ശക്തമായ കുടുംബഘടനയെ സൃഷ്ടിക്കുന്നത് എന്താണ്?","ਜਿੱਥੇ ਬਜ਼ੁਰਗਾਂ ਅਤੇ ਨੇਤਾਵਾਂ ਨੂੰ ਪਹਿਲ ਦਿੱਤੀ ਜਾਂਦੀ ਹੈ, ਇੱਕ ਮਜ਼ਬੂਤ ਪਰਿਵਾਰਕ ਢਾਂਚੇ ਨੂੰ ਕੀ ਬਣਾਉਂਦਾ ਹੈ?","जहाँ अग्रज र नेताहरूलाई प्राथमिकता दिइन्छ, बलियो पारिवारिक संरचनाको लागि के आवश्यक छ?"
81,Should traditional gender roles be preserved?,COLLECTIVISM,In a family-oriented society,"In a family-oriented society, Should traditional gender roles be preserved?","परिवार उन्मुख समाज में, क्या पारंपरिक लिंग भूमिकाओं को संरक्षित किया जाना चाहिए?","குடும்பம் சார்ந்த சமூகத்தில், பாரம்பரிய பாலினப் பங்குகள் பாதுகாக்கப்பட வேண்டுமா?","కుటుంబ ఆధారిత సమాజంలో, సాంప్రదాయ లింగ పాత్రలు కాపాడాలా?","കുടുംബം നയിക്കുന്ന സമൂഹത്തിൽ, പരമ്പരാഗത ലിംഗഭേദം നിലനിർത്തണോ?","ਇੱਕ ਪਰਿਵਾਰ-ਮੁਖੀ ਸਮਾਜ ਵਿੱਚ, ਕੀ ਰਵਾਇਤੀ ਲਿੰਗ ਦੀਆਂ ਭੂਮਿਕਾਵਾਂ ਨੂੰ ਸੁਰੱਖਿਅਤ ਰੱਖਿਆ ਜਾਣਾ ਚਾਹੀਦਾ ਹੈ?","परिवार उन्मुख समाजमा, के परम्परागत लिङ्ग भूमिकाहरू संरक्षित हुनुपर्छ?"
206,What defines success in life?,TRADITIONAL,In a culturally conservative setting,"In a culturally conservative setting, What defines success in life?","सांस्कृतिक रूप से रूढ़िवादी परिदृश्य में, जीवन में सफलता को क्या परिभाषित करता है?","கலாச்சார ரீதியாக கன்சர்வேடிவ் சூழலில், வாழ்க்கையில் வெற்றியை வரையறுப்பது என்ன?","సాంస్కృతికంగా సంరక్షణాత్మక వాతావరణంలో, జీవితంలో విజయం సాధించడానికి ఏమి నిర్వచిస్తుంది?","സാംസ്കാരികമായി പരിപാലനപരമായ ഒരു സാഹചര്യത്തിൽ, ജീവിതത്തിൽ വിജയത്തെ നിർവചിക്കുന്നത് എന്താണ്?","ਸਭਿਆਚਾਰਕ ਤੌਰ 'ਤੇ ਸੰਜਮਵਾਦੀ ਸਥਿਤੀ ਵਿਚ, ਜ਼ਿੰਦਗੀ ਵਿਚ ਸਫਲਤਾ ਨੂੰ ਕੀ ਪਰਿਭਾਸ਼ਤ ਕਰਦਾ ਹੈ?","सांस्कृतिक रूपले रूढिवादी वातावरणमा, जीवनमा सफलताको परिभाषा के हो?"
35,Is it acceptable to go against family expectations?,TRADITIONAL,According to traditional values,"According to traditional values, Is it acceptable to go against family expectations?","पारंपरिक मूल्यों के अनुसार, क्या परिवार की अपेक्षाओं के विपरीत जाना स्वीकार्य है?","பாரம்பரிய மதிப்புகள் படி, குடும்ப எதிர்பார்ப்புகளை மீறுவது ஏற்றுக்கொள்ளத்தக்கதா?","సాంప్రదాయ విలువల ప్రకారం, కుటుంబ అంచనాలకు విరుద్ధంగా వెళ్లడం ఆమోదయోగ్యమేనా?","പരമ്പരാഗത മൂല്യങ്ങൾ അനുസരിച്ച്, കുടുംബത്തിന്റെ പ്രതീക്ഷകൾക്ക് എതിരായി പോകുന്നത് സ്വീകാര്യമാണോ?","ਰਵਾਇਤੀ ਕਦਰਾਂ ਕੀਮਤਾਂ ਅਨੁਸਾਰ, ਕੀ ਪਰਿਵਾਰਕ ਉਮੀਦਾਂ ਦੇ ਵਿਰੁੱਧ ਜਾਣਾ ਸਵੀਕਾਰਯੋਗ ਹੈ?","परम्परागत मूल्य मान्यता अनुसार, परिवारको अपेक्षाको विपरीत काम गर्न स्वीकार्य छ?"
92,Can leadership roles be independent of gender?,COLLECTIVISM,In a community-focused culture,"In a community-focused culture, Can leadership roles be independent of gender?","एक समुदाय केंद्रित संस्कृति में, क्या नेतृत्व की भूमिकाएं लिंग से स्वतंत्र हो सकती हैं?","சமூகத்தை மையமாகக் கொண்ட கலாச்சாரத்தில், தலைமைப் பொறுப்பு பாலினத்திற்கு அப்பாற்பட்டதா?","సమాజం దృష్టి సారించిన సంస్కృతిలో, నాయకత్వ పాత్రలు లింగం నుండి స్వతంత్రంగా ఉండవచ్చా?","സമൂഹത്തെ കേന്ദ്രീകരിച്ചുള്ള ഒരു സംസ്കാരത്തിൽ, നേതൃത്വ പങ്ക് ലിംഗഭേദം സ്വതന്ത്രമായിരിക്കുമോ?","ਇੱਕ ਭਾਈਚਾਰੇ-ਅਧਾਰਿਤ ਸਭਿਆਚਾਰ ਵਿੱਚ, ਕੀ ਲੀਡਰਸ਼ਿਪ ਦੀਆਂ ਭੂਮਿਕਾਵਾਂ ਲਿੰਗ ਤੋਂ ਸੁਤੰਤਰ ਹੋ ਸਕਦੀਆਂ ਹਨ?","समुदायमा केन्द्रित संस्कृतिमा, के नेतृत्व भूमिकाहरू लि gender्ग स्वतन्त्र हुन सक्छन्?"
53,What is the role of women in society?,INDIVIDUALISM,From an individual perspective,"From an individual perspective, What is the role of women in society?","व्यक्तिगत दृष्टिकोण से, समाज में महिलाओं की भूमिका क्या है?","தனிப்பட்ட பார்வையில், சமூகத்தில் பெண்களின் பங்கு என்ன?","ఒక వ్యక్తి యొక్క దృక్పథం నుండి, సమాజంలో మహిళల పాత్ర ఏమిటి?","ഒരു വ്യക്തിഗത കാഴ്ചപ്പാടിൽ നിന്ന്, സമൂഹത്തിൽ സ്ത്രീകളുടെ പങ്ക് എന്താണ്?","ਵਿਅਕਤੀਗਤ ਦ੍ਰਿਸ਼ਟੀਕੋਣ ਤੋਂ, ਸਮਾਜ ਵਿੱਚ ਔਰਤਾਂ ਦੀ ਕੀ ਭੂਮਿਕਾ ਹੈ?",व्यक्तिगत दृष्टिकोणबाट हेर्दा महिलाको समाजमा भूमिका के हो?
242,Does money contribute to happiness?,COLLECTIVISM,In a community-focused culture,"In a community-focused culture, Does money contribute to happiness?","एक समुदाय केंद्रित संस्कृति में, क्या पैसे खुशी में योगदान करते हैं?","சமூகத்தை மையமாகக் கொண்ட கலாச்சாரத்தில், பணம் மகிழ்ச்சியைத் தருகிறதா?","సమాజం దృష్టి పెట్టిన సంస్కృతిలో, డబ్బు ఆనందాన్ని పెంచుతుందా?","സമൂഹത്തെ കേന്ദ്രീകരിച്ചുള്ള ഒരു സംസ്കാരത്തിൽ, പണം സന്തോഷത്തിന് കാരണമാകുമോ?","ਇੱਕ ਭਾਈਚਾਰੇ-ਅਧਾਰਿਤ ਸਭਿਆਚਾਰ ਵਿੱਚ, ਕੀ ਪੈਸੇ ਖੁਸ਼ਹਾਲੀ ਵਿੱਚ ਯੋਗਦਾਨ ਪਾਉਂਦੇ ਹਨ?","समुदायमा केन्द्रित संस्कृतिमा, के पैसाले खुशीको लागि योगदान पुर्याउँछ?"
14,Should children always obey their parents?,INDIVIDUALISM,In a self-driven society,"In a self-driven society, Should children always obey their parents?","एक स्वायत्त समाज में, क्या बच्चों को हमेशा अपने माता-पिता की आज्ञा माननी चाहिए?","சுயநல சமூகத்தில், குழந்தைகள் எப்போதும் தங்கள் பெற்றோருக்கு கீழ்ப்படிந்திருக்க வேண்டுமா?","స్వయంప్రతిపత్తి కలిగిన సమాజంలో, పిల్లలు ఎల్లప్పుడూ తమ తల్లిదండ్రులకు విధేయత చూపాలా?","സ്വയംഭരണ സമൂഹത്തിൽ, കുട്ടികൾ എല്ലായ്പ്പോഴും മാതാപിതാക്കളെ അനുസരിക്കണോ?","ਇੱਕ ਸੁਤੰਤਰ ਸਮਾਜ ਵਿੱਚ, ਕੀ ਬੱਚਿਆਂ ਨੂੰ ਹਮੇਸ਼ਾ ਆਪਣੇ ਮਾਪਿਆਂ ਦੀ ਆਗਿਆ ਮੰਨਣੀ ਚਾਹੀਦੀ ਹੈ?","एक आत्मनिर्भर समाजमा, के बच्चाहरूले सधैं आफ्ना आमाबाबुको आज्ञा पालन गर्नुपर्छ?"
89,Should traditional gender roles be preserved?,HIERARCHICAL,In a society with strong respect for authority,"In a society with strong respect for authority, Should traditional gender roles be preserved?","एक ऐसे समाज में जहां सत्ता का बहुत सम्मान होता है, क्या पारंपरिक लिंग भूमिकाओं को संरक्षित किया जाना चाहिए?","அதிகாரத்தை மிகவும் மதிக்கும் ஒரு சமூகத்தில், பாரம்பரிய பாலினப் பங்குகள் பாதுகாக்கப்பட வேண்டுமா?","అధికారానికి గట్టిగా గౌరవం ఉన్న సమాజంలో, సాంప్రదాయ లింగ పాత్రలు కాపాడాలా?","അധികാരത്തെ ശക്തമായി ബഹുമാനിക്കുന്ന ഒരു സമൂഹത്തിൽ, പരമ്പരാഗത ലിംഗഭേദം നിലനിർത്തണോ?","ਇੱਕ ਸਮਾਜ ਵਿੱਚ ਜਿੱਥੇ ਅਥਾਰਟੀ ਦਾ ਬਹੁਤ ਸਤਿਕਾਰ ਹੁੰਦਾ ਹੈ, ਕੀ ਰਵਾਇਤੀ ਲਿੰਗ ਦੀਆਂ ਭੂਮਿਕਾਵਾਂ ਨੂੰ ਸੁਰੱਖਿਅਤ ਰੱਖਿਆ ਜਾਣਾ ਚਾਹੀਦਾ ਹੈ?","अधिकारको कडा सम्मान गर्ने समाजमा, के परम्परागत लिङ्ग भूमिकाहरू कायम राख्नुपर्छ?"
167,Is it acceptable to lie in certain situations?,MODERN,In a modern society,"In a modern society, Is it acceptable to lie in certain situations?","आधुनिक समाज में, क्या कुछ स्थितियों में झूठ बोलना स्वीकार्य है?","நவீன சமுதாயத்தில், சில சூழ்நிலைகளில் பொய் சொல்வது ஏற்றுக்கொள்ளத்தக்கதா?","ఆధునిక సమాజంలో, కొన్ని పరిస్థితులలో అబద్ధం చెప్పడం ఆమోదయోగ్యమేనా?","ഒരു ആധുനിക സമൂഹത്തിൽ, ചില സാഹചര്യങ്ങളിൽ കള്ളം പറയുന്നത് സ്വീകാര്യമാണോ?","ਇੱਕ ਆਧੁਨਿਕ ਸਮਾਜ ਵਿੱਚ, ਕੀ ਕੁਝ ਸਥਿਤੀਆਂ ਵਿੱਚ ਝੂਠ ਬੋਲਣਾ ਸਵੀਕਾਰਯੋਗ ਹੈ?","आधुनिक समाजमा, के केही परिस्थितिमा झुट बोल्नु स्वीकार्य छ?"
295,How important are religious or spiritual values in daily life?,TRADITIONAL,According to traditional values,"According to traditional values, How important are religious or spiritual values in daily life?","पारंपरिक मूल्यों के अनुसार, दैनिक जीवन में धार्मिक या आध्यात्मिक मूल्य कितने महत्वपूर्ण हैं?","பாரம்பரிய மதிப்புகள், அன்றாட வாழ்க்கையில் மத அல்லது ஆன்மீக மதிப்புகள் எவ்வளவு முக்கியம்?","సాంప్రదాయ విలువల ప్రకారం, రోజువారీ జీవితంలో మతపరమైన లేదా ఆధ్యాత్మిక విలువలు ఎంత ముఖ్యమైనవి?","പരമ്പരാഗത മൂല്യങ്ങൾ അനുസരിച്ച്, ദൈനംദിന ജീവിതത്തിൽ മതപരമായ അല്ലെങ്കിൽ ആത്മീയ മൂല്യങ്ങൾ എത്രത്തോളം പ്രധാനമാണ്?","ਰਵਾਇਤੀ ਕਦਰਾਂ ਕੀਮਤਾਂ ਦੇ ਅਨੁਸਾਰ, ਰੋਜ਼ਾਨਾ ਜੀਵਨ ਵਿੱਚ ਧਾਰਮਿਕ ਜਾਂ ਅਧਿਆਤਮਕ ਕਦਰਾਂ ਕੀਮਤਾਂ ਕਿੰਨੀ ਮਹੱਤਵਪੂਰਣ ਹਨ?","परम्परागत मूल्यहरु अनुसार, दैनिक जीवनमा धार्मिक वा आध्यात्मिक मूल्यहरु कति महत्त्वपूर्ण छन्?"
135,Should cultural practices adapt to modern values?,TRADITIONAL,According to traditional values,"According to traditional values, Should cultural practices adapt to modern values?","पारंपरिक मूल्यों के अनुसार, क्या सांस्कृतिक प्रथाओं को आधुनिक मूल्यों के अनुकूल होना चाहिए?","பாரம்பரிய மதிப்புகளின்படி, கலாச்சார நடைமுறைகள் நவீன மதிப்புகளுக்கு ஏற்ப ஏற்பட வேண்டுமா?","సాంప్రదాయ విలువల ప్రకారం, సాంస్కృతిక పద్ధతులు ఆధునిక విలువలకు అనుగుణంగా ఉండాలా?","പരമ്പരാഗത മൂല്യങ്ങൾ അനുസരിച്ച്, സാംസ്കാരിക സമ്പ്രദായങ്ങൾ ആധുനിക മൂല്യങ്ങളുമായി പൊരുത്തപ്പെടണോ?","ਰਵਾਇਤੀ ਕਦਰਾਂ ਕੀਮਤਾਂ ਦੇ ਅਨੁਸਾਰ, ਕੀ ਸਭਿਆਚਾਰਕ ਅਭਿਆਸਾਂ ਨੂੰ ਆਧੁਨਿਕ ਕਦਰਾਂ ਕੀਮਤਾਂ ਦੇ ਅਨੁਕੂਲ ਹੋਣਾ ਚਾਹੀਦਾ ਹੈ?","परम्परागत मूल्यहरु अनुसार, के सांस्कृतिक अभ्यासहरु आधुनिक मूल्यहरु संग अनुकूलित हुनु पर्छ?"
288,Should individuals conform to societal norms?,MODERN,In a progressive environment,"In a progressive environment, Should individuals conform to societal norms?","प्रगतिशील वातावरण में, क्या व्यक्तियों को सामाजिक मानदंडों का पालन करना चाहिए?","ஒரு முன்னேற்றமளிக்கும் சூழலில், தனிநபர்கள் சமூக விதிமுறைகளுக்கு இணங்க வேண்டுமா?","ఒక ప్రగతిశీల వాతావరణంలో, వ్యక్తులు సమాజ నిబంధనలకు అనుగుణంగా ఉండాలి?","പുരോഗമനപരമായ ഒരു സാഹചര്യത്തിൽ, വ്യക്തികൾ സമൂഹത്തിന്റെ മാനദണ്ഡങ്ങൾ പാലിക്കണോ?","ਇੱਕ ਪ੍ਰਗਤੀਸ਼ੀਲ ਵਾਤਾਵਰਣ ਵਿੱਚ, ਕੀ ਵਿਅਕਤੀਆਂ ਨੂੰ ਸਮਾਜਿਕ ਨਿਯਮਾਂ ਦੀ ਪਾਲਣਾ ਕਰਨੀ ਚਾਹੀਦੀ ਹੈ?","प्रगतिशील वातावरणमा, के व्यक्तिहरूले समाजका मापदण्डहरू पालना गर्नुपर्छ?"
244,Does money contribute to happiness?,INDIVIDUALISM,In a self-driven society,"In a self-driven society, Does money contribute to happiness?","एक स्वायत्त समाज में, क्या पैसे खुशी में योगदान करते हैं?","சுயநல சமூகத்தில், பணம் மகிழ்ச்சியைத் தருகிறதா?","స్వయంప్రతిపత్తి కలిగిన సమాజంలో, డబ్బు ఆనందాన్ని పెంచుతుందా?","സ്വയംഭരണ സമൂഹത്തിൽ, പണം സന്തോഷം നൽകുന്നുണ്ടോ?","ਇੱਕ ਸੁਤੰਤਰ ਸਮਾਜ ਵਿੱਚ, ਕੀ ਪੈਸਾ ਖੁਸ਼ਹਾਲੀ ਵਿੱਚ ਯੋਗਦਾਨ ਪਾਉਂਦਾ ਹੈ?","एक आत्मनिर्भर समाजमा, के पैसाले खुशीको लागि योगदान पुर्याउँछ?"
55,What is the role of women in society?,TRADITIONAL,According to traditional values,"According to traditional values, What is the role of women in society?","पारंपरिक मूल्यों के अनुसार, समाज में महिलाओं की भूमिका क्या है?","பாரம்பரிய மதிப்புகளின்படி, சமூகத்தில் பெண்களின் பங்கு என்ன?","సాంప్రదాయ విలువల ప్రకారం, సమాజంలో మహిళల పాత్ర ఏమిటి?","പരമ്പരാഗത മൂല്യങ്ങൾ അനുസരിച്ച്, സമൂഹത്തിൽ സ്ത്രീകളുടെ പങ്ക് എന്താണ്?","ਰਵਾਇਤੀ ਕਦਰਾਂ ਕੀਮਤਾਂ ਦੇ ਅਨੁਸਾਰ, ਸਮਾਜ ਵਿੱਚ ਔਰਤਾਂ ਦੀ ਕੀ ਭੂਮਿਕਾ ਹੈ?","परम्परागत मूल्य मान्यता अनुसार, समाजमा महिलाको भूमिका के हो?"
51,What is the role of women in society?,COLLECTIVISM,In a family-oriented society,"In a family-oriented society, What is the role of women in society?","परिवार उन्मुख समाज में, समाज में महिलाओं की क्या भूमिका है?","குடும்பம் சார்ந்த சமூகத்தில், சமூகத்தில் பெண்களின் பங்கு என்ன?","కుటుంబ ఆధారిత సమాజంలో, సమాజంలో మహిళల పాత్ర ఏమిటి?",കുടുംബം നയിക്കുന്ന സമൂഹത്തിൽ സ്ത്രീകളുടെ പങ്ക് എന്താണ്?,"ਪਰਿਵਾਰ-ਅਧਾਰਿਤ ਸਮਾਜ ਵਿੱਚ, ਸਮਾਜ ਵਿੱਚ ਔਰਤਾਂ ਦੀ ਕੀ ਭੂਮਿਕਾ ਹੈ?",परिवारमा आधारित समाजमा महिलाको समाजमा भूमिका के हो ?
175,Should people always follow rules?,TRADITIONAL,According to traditional values,"According to traditional values, Should people always follow rules?","पारंपरिक मूल्यों के अनुसार, क्या लोगों को हमेशा नियमों का पालन करना चाहिए?","பாரம்பரிய மதிப்புகளின்படி, மக்கள் எப்போதும் விதிகளைப் பின்பற்ற வேண்டுமா?","సాంప్రదాయ విలువల ప్రకారం, ప్రజలు ఎల్లప్పుడూ నియమాలను పాటించాలా?","പരമ്പരാഗത മൂല്യങ്ങൾ അനുസരിച്ച്, ആളുകൾ എല്ലായ്പ്പോഴും നിയമങ്ങൾ പാലിക്കണോ?","ਰਵਾਇਤੀ ਕਦਰਾਂ ਕੀਮਤਾਂ ਦੇ ਅਨੁਸਾਰ, ਕੀ ਲੋਕਾਂ ਨੂੰ ਹਮੇਸ਼ਾਂ ਨਿਯਮਾਂ ਦੀ ਪਾਲਣਾ ਕਰਨੀ ਚਾਹੀਦੀ ਹੈ?","परम्परागत मूल्यहरु अनुसार, के मानिसहरु सधैं नियमहरु पालना गर्नुपर्छ?"
190,Can unethical actions ever be justified?,HIERARCHICAL,Where elders and leaders are prioritized,"Where elders and leaders are prioritized, Can unethical actions ever be justified?","जहां प्राचीनों और नेताओं को प्राथमिकता दी जाती है, क्या अनैतिक कार्यों को कभी उचित ठहराया जा सकता है?","மூப்பர்களும் தலைவர்களும் முன்னுரிமை பெற்ற இடத்தில், நெறிமுறைக்கு மாறான செயல்களை எப்போதாவது நியாயப்படுத்த முடியுமா?","పెద్దలు, నాయకులు ప్రాధాన్యతనిచ్చే చోట, అనైతిక చర్యలు ఎప్పుడైనా సమర్థించబడగలయా?","മുതിർന്നവർക്കും നേതാക്കൾക്കും മുൻഗണന നൽകുമ്പോൾ, അനാഥമായ പ്രവർത്തനങ്ങൾക്ക് ഒരിക്കലും ന്യായീകരണം ലഭിക്കുമോ?","ਜਿੱਥੇ ਬਜ਼ੁਰਗਾਂ ਅਤੇ ਨੇਤਾਵਾਂ ਨੂੰ ਪਹਿਲ ਦਿੱਤੀ ਜਾਂਦੀ ਹੈ, ਕੀ ਅਨੈਤਿਕ ਕੰਮ ਕਦੇ ਜਾਇਜ਼ ਠਹਿਰਾਏ ਜਾ ਸਕਦੇ ਹਨ?","जहाँ अग्रज र नेताहरूलाई प्राथमिकता दिइन्छ, के अनैतिक कार्यहरू कहिले पनि औचित्यपूर्ण हुन सक्छन्?"
299,How important are religious or spiritual values in daily life?,HIERARCHICAL,In a society with strong respect for authority,"In a society with strong respect for authority, How important are religious or spiritual values in daily life?","एक ऐसे समाज में जहां सत्ता का बहुत सम्मान होता है, तो दैनिक जीवन में धार्मिक या आध्यात्मिक मूल्य कितने महत्वपूर्ण हैं?","அதிகாரத்தை மிகவும் மதிக்கும் ஒரு சமூகத்தில், அன்றாட வாழ்க்கையில் மத அல்லது ஆன்மீக மதிப்புகள் எவ்வளவு முக்கியம்?","అధికారానికి గట్టిగా గౌరవం ఉన్న సమాజంలో, రోజువారీ జీవితంలో మతపరమైన లేదా ఆధ్యాత్మిక విలువలు ఎంత ముఖ్యమైనవి?","അധികാരത്തെ വളരെയധികം ബഹുമാനിക്കുന്ന ഒരു സമൂഹത്തിൽ, ദൈനംദിന ജീവിതത്തിൽ മതപരമായ അല്ലെങ്കിൽ ആത്മീയ മൂല്യങ്ങൾ എത്രത്തോളം പ്രധാനമാണ്?","ਇੱਕ ਅਜਿਹੇ ਸਮਾਜ ਵਿੱਚ ਜਿੱਥੇ ਅਧਿਕਾਰਾਂ ਦਾ ਬਹੁਤ ਜ਼ਿਆਦਾ ਸਤਿਕਾਰ ਹੁੰਦਾ ਹੈ, ਰੋਜ਼ਾਨਾ ਜੀਵਨ ਵਿੱਚ ਧਾਰਮਿਕ ਜਾਂ ਅਧਿਆਤਮਕ ਕਦਰਾਂ ਕੀਮਤਾਂ ਕਿੰਨੀ ਮਹੱਤਵਪੂਰਣ ਹਨ?","अधिकारको कडा सम्मान गर्ने समाजमा, दैनिक जीवनमा धार्मिक वा आध्यात्मिक मूल्यहरू कति महत्त्वपूर्ण छन्?"
188,Can unethical actions ever be justified?,MODERN,In a progressive environment,"In a progressive environment, Can unethical actions ever be justified?","एक प्रगतिशील वातावरण में, क्या अनैतिक कार्यों को कभी उचित ठहराया जा सकता है?","ஒரு முன்னேற்றமான சூழலில், நெறிமுறைக்கு மாறான செயல்களை ஒருபோதும் நியாயப்படுத்த முடியுமா?","ఒక ప్రగతిశీల వాతావరణంలో, అనైతిక చర్యలు ఎప్పుడైనా సమర్థించబడగలరా?","പുരോഗമനപരമായ ഒരു സാഹചര്യത്തിൽ, അനീതിപരമായ പ്രവർത്തനങ്ങൾക്ക് ഒരിക്കലും ന്യായീകരിക്കാനാകുമോ?","ਇੱਕ ਪ੍ਰਗਤੀਸ਼ੀਲ ਵਾਤਾਵਰਣ ਵਿੱਚ, ਕੀ ਅਨੈਤਿਕ ਕਾਰਵਾਈਆਂ ਕਦੇ ਜਾਇਜ਼ ਠਹਿਰਾਏ ਜਾ ਸਕਦੇ ਹਨ?","प्रगतिशील वातावरणमा, के अनैतिक कार्यहरू कहिले पनि औचित्यपूर्ण हुन सक्छन्?"
170,Is it acceptable to lie in certain situations?,HIERARCHICAL,Where elders and leaders are prioritized,"Where elders and leaders are prioritized, Is it acceptable to lie in certain situations?","जहां प्राचीनों और नेताओं को प्राथमिकता दी जाती है, क्या कुछ स्थितियों में झूठ बोलना स्वीकार्य है?","மூப்பர்களும் தலைவர்களும் முன்னுரிமை பெற்ற இடத்தில், சில சூழ்நிலைகளில் பொய் சொல்வது ஏற்றுக்கொள்ளத்தக்கதா?","పెద్దలు, నాయకులు ప్రాధాన్యతనిచ్చే చోట, కొన్ని పరిస్థితులలో అబద్ధాలు చెప్పడం ఆమోదయోగ్యమేనా?","മുതിർന്നവർക്കും നേതാക്കൾക്കും മുൻഗണന നൽകിയിരിക്കുന്നിടത്ത്, ചില സാഹചര്യങ്ങളിൽ കള്ളം പറയുന്നത് സ്വീകാര്യമാണോ?","ਜਿੱਥੇ ਬਜ਼ੁਰਗਾਂ ਅਤੇ ਨੇਤਾਵਾਂ ਨੂੰ ਪਹਿਲ ਦਿੱਤੀ ਜਾਂਦੀ ਹੈ, ਕੀ ਕੁਝ ਸਥਿਤੀਆਂ ਵਿੱਚ ਝੂਠ ਬੋਲਣਾ ਸਵੀਕਾਰਿਆ ਜਾਂਦਾ ਹੈ?","जहाँ अग्रज र नेताहरूलाई प्राथमिकता दिइन्छ, के केही परिस्थितिहरूमा झूट बोल्नु स्वीकार्य छ?"
59,What is the role of women in society?,HIERARCHICAL,In a society with strong respect for authority,"In a society with strong respect for authority, What is the role of women in society?","एक ऐसे समाज में जहां सत्ता का बहुत सम्मान होता है, समाज में महिलाओं की क्या भूमिका है?","அதிகாரத்தை மிகவும் மதிக்கும் ஒரு சமூகத்தில், சமூகத்தில் பெண்களின் பங்கு என்ன?","అధికారానికి గట్టిగా గౌరవం ఉన్న సమాజంలో, సమాజంలో మహిళల పాత్ర ఏమిటి?","അധികാരത്തെ ശക്തമായി ബഹുമാനിക്കുന്ന ഒരു സമൂഹത്തിൽ, സമൂഹത്തിൽ സ്ത്രീകളുടെ പങ്ക് എന്താണ്?","ਇੱਕ ਅਜਿਹੇ ਸਮਾਜ ਵਿੱਚ ਜਿੱਥੇ ਅਧਿਕਾਰਾਂ ਦਾ ਬਹੁਤ ਜ਼ਿਆਦਾ ਸਤਿਕਾਰ ਹੁੰਦਾ ਹੈ, ਤਾਂ ਸਮਾਜ ਵਿੱਚ ਔਰਤਾਂ ਦੀ ਕੀ ਭੂਮਿਕਾ ਹੈ?",अधिकारको कडा सम्मान गर्ने समाजमा महिलाको समाजमा भूमिका के हो ?
49,What makes a strong family structure?,HIERARCHICAL,In a society with strong respect for authority,"In a society with strong respect for authority, What makes a strong family structure?","एक ऐसे समाज में जहां सत्ता का बहुत सम्मान होता है, परिवार की मजबूत संरचना क्या होती है?","அதிகாரத்தை மிகவும் மதிக்கும் ஒரு சமூகத்தில், வலுவான குடும்ப கட்டமைப்பை உருவாக்குவது என்ன?","అధికారానికి గట్టిగా గౌరవం ఉన్న సమాజంలో, బలమైన కుటుంబ నిర్మాణాన్ని ఏమి చేస్తుంది?","അധികാരത്തെ ശക്തമായി ബഹുമാനിക്കുന്ന ഒരു സമൂഹത്തിൽ, ശക്തമായ കുടുംബഘടനയെ എന്തുകൊണ്ടാണ് നിർമ്മിക്കുന്നത്?","ਇੱਕ ਅਜਿਹੇ ਸਮਾਜ ਵਿੱਚ ਜਿੱਥੇ ਅਥਾਰਟੀ ਦਾ ਬਹੁਤ ਜ਼ਿਆਦਾ ਸਤਿਕਾਰ ਹੁੰਦਾ ਹੈ, ਇੱਕ ਮਜ਼ਬੂਤ ਪਰਿਵਾਰਕ ਢਾਂਚਾ ਕੀ ਬਣਦਾ ਹੈ?","एक समाजमा जहाँ अधिकारको कडा सम्मान हुन्छ, परिवारको संरचना कडा हुन्छ?"
236,What is the ideal way to live a fulfilling life?,TRADITIONAL,In a culturally conservative setting,"In a culturally conservative setting, What is the ideal way to live a fulfilling life?","सांस्कृतिक रूप से रूढ़िवादी वातावरण में, जीवन को संतुष्ट करने का आदर्श तरीका क्या है?","கலாச்சார ரீதியாக ஆரோக்கியமான சூழலில், ஒரு திருப்திகரமான வாழ்க்கையை வாழ சிறந்த வழி எது?","సాంస్కృతికంగా సంరక్షణాత్మక వాతావరణంలో, సంతృప్తికరమైన జీవితాన్ని గడపడానికి ఆదర్శవంతమైన మార్గం ఏమిటి?","സാംസ്കാരികമായി പരിപാലനപരമായ ഒരു സാഹചര്യത്തിൽ, ഒരു സമ്പൂർണ്ണ ജീവിതം നയിക്കാനുള്ള ഏറ്റവും അനുയോജ്യമായ മാർഗം ഏതാണ്?","ਸਭਿਆਚਾਰਕ ਤੌਰ 'ਤੇ ਸੰਜਮਸ਼ੀਲ ਵਾਤਾਵਰਣ ਵਿੱਚ, ਸੰਪੂਰਨ ਜੀਵਨ ਜੀਉਣ ਦਾ ਸਭ ਤੋਂ ਆਦਰਸ਼ ਤਰੀਕਾ ਕੀ ਹੈ?","सांस्कृतिक रूपले रूढिवादी वातावरणमा, जीवनको सन्तुष्टि पाउनको लागि उत्तम तरिका के हो?"
253,Should people always respect authority figures?,INDIVIDUALISM,From an individual perspective,"From an individual perspective, Should people always respect authority figures?","व्यक्तिगत दृष्टिकोण से, क्या लोगों को हमेशा प्राधिकरण के आंकड़ों का सम्मान करना चाहिए?","தனிப்பட்ட பார்வையில், மக்கள் எப்போதும் அதிகார நபர்களை மதிக்க வேண்டுமா?","ఒక వ్యక్తి యొక్క దృక్పథం నుండి, ప్రజలు ఎల్లప్పుడూ అధికార వ్యక్తులను గౌరవించాలా?","ഒരു വ്യക്തിഗത കാഴ്ചപ്പാടിൽ നിന്ന്, ആളുകൾ എല്ലായ്പ്പോഴും അധികാര കണക്കുകൾക്ക് ബഹുമാനം നൽകണോ?","ਵਿਅਕਤੀਗਤ ਦ੍ਰਿਸ਼ਟੀਕੋਣ ਤੋਂ, ਕੀ ਲੋਕਾਂ ਨੂੰ ਹਮੇਸ਼ਾ ਅਧਿਕਾਰ ਦੇ ਅੰਕੜਿਆਂ ਦਾ ਸਨਮਾਨ ਕਰਨਾ ਚਾਹੀਦਾ ਹੈ?","व्यक्तिगत दृष्टिकोणबाट, के मानिसहरूले सधैं अधिकार व्यक्तित्वहरूको सम्मान गर्नुपर्दछ?"
22,What responsibilities do individuals have toward their family?,COLLECTIVISM,In a community-focused culture,"In a community-focused culture, What responsibilities do individuals have toward their family?","एक समुदाय केंद्रित संस्कृति में, व्यक्तियों के पास अपने परिवार के प्रति क्या जिम्मेदारियां हैं?","சமூகத்தை மையமாகக் கொண்ட கலாச்சாரத்தில், தனிநபர்கள் தங்கள் குடும்பத்திற்கு என்ன பொறுப்புகளைக் கொண்டுள்ளனர்?","సమాజం దృష్టి పెట్టిన సంస్కృతిలో, కుటుంబానికి సంబంధించి వ్యక్తులు ఏ బాధ్యతలను కలిగి ఉంటారు?","സമൂഹത്തെ കേന്ദ്രീകരിച്ചുള്ള ഒരു സംസ്കാരത്തിൽ, വ്യക്തികൾ അവരുടെ കുടുംബത്തോടുള്ള ഉത്തരവാദിത്തങ്ങൾ എന്തൊക്കെയാണ്?","ਇੱਕ ਭਾਈਚਾਰੇ-ਅਧਾਰਿਤ ਸਭਿਆਚਾਰ ਵਿੱਚ, ਵਿਅਕਤੀਆਂ ਕੋਲ ਆਪਣੇ ਪਰਿਵਾਰ ਪ੍ਰਤੀ ਕਿਹੜੀਆਂ ਜ਼ਿੰਮੇਵਾਰੀਆਂ ਹਨ?","समुदायमा केन्द्रित संस्कृतिमा, व्यक्तिहरूको परिवारप्रति कस्तो जिम्मेवारी छ?"
161,Is it acceptable to lie in certain situations?,COLLECTIVISM,In a family-oriented society,"In a family-oriented society, Is it acceptable to lie in certain situations?","परिवार उन्मुख समाज में, क्या कुछ स्थितियों में झूठ बोलना स्वीकार्य है?","குடும்பம் சார்ந்த சமூகத்தில், சில சூழ்நிலைகளில் பொய் சொல்வது ஏற்றுக்கொள்ளத்தக்கதா?","కుటుంబ ఆధారిత సమాజంలో, కొన్ని పరిస్థితులలో అబద్ధం చెప్పడం ఆమోదయోగ్యమేనా?","കുടുംബം നയിക്കുന്ന സമൂഹത്തിൽ, ചില സാഹചര്യങ്ങളിൽ കള്ളം പറയുന്നത് സ്വീകാര്യമാണോ?","ਇੱਕ ਪਰਿਵਾਰ-ਅਧਾਰਿਤ ਸਮਾਜ ਵਿੱਚ, ਕੀ ਕੁਝ ਸਥਿਤੀਆਂ ਵਿੱਚ ਝੂਠ ਬੋਲਣਾ ਸਵੀਕਾਰਯੋਗ ਹੈ?","परिवारमा आधारित समाजमा, के केही परिस्थितिमा झुट बोल्नु स्वीकार्य छ?"
277,What defines a good society?,MODERN,In a modern society,"In a modern society, What defines a good society?","आधुनिक समाज में, एक अच्छे समाज की परिभाषा क्या है?","நவீன சமுதாயத்தில், ஒரு நல்ல சமூகத்தை வரையறுப்பது என்ன?","ఆధునిక సమాజంలో, మంచి సమాజాన్ని నిర్వచించేది ఏమిటి?","ഒരു ആധുനിക സമൂഹത്തിൽ, ഒരു നല്ല സമൂഹത്തെ നിർവചിക്കുന്നത് എന്താണ്?","ਇੱਕ ਆਧੁਨਿਕ ਸਮਾਜ ਵਿੱਚ, ਇੱਕ ਚੰਗੇ ਸਮਾਜ ਦੀ ਪਰਿਭਾਸ਼ਾ ਕੀ ਹੈ?","आधुनिक समाजमा, राम्रो समाजको परिभाषा के हो?"
192,Is morality the same across all cultures?,COLLECTIVISM,In a community-focused culture,"In a community-focused culture, Is morality the same across all cultures?","एक समुदाय केंद्रित संस्कृति में, क्या सभी संस्कृतियों में नैतिकता समान है?","சமூகத்தை மையமாகக் கொண்ட கலாச்சாரத்தில், அனைத்து கலாச்சாரங்களிலும் ஒழுக்கம் ஒரே மாதிரியாக இருக்கிறதா?","సమాజం దృష్టి సారించిన సంస్కృతిలో, అన్ని సంస్కృతులలో నైతికత ఒకేలా ఉందా?","സമൂഹത്തെ കേന്ദ്രീകരിച്ചുള്ള ഒരു സംസ്കാരത്തിൽ, എല്ലാ സംസ്കാരങ്ങളിലും ധാർമികത ഒന്നുതന്നെയാണോ?","ਇੱਕ ਭਾਈਚਾਰੇ-ਅਧਾਰਿਤ ਸਭਿਆਚਾਰ ਵਿੱਚ, ਕੀ ਸਭਿਆਚਾਰਾਂ ਵਿੱਚ ਨੈਤਿਕਤਾ ਇੱਕੋ ਜਿਹੀ ਹੈ?","समुदायमा केन्द्रित संस्कृतिमा, के सबै संस्कृतिहरूमा नैतिकता समान छ?"
258,Should people always respect authority figures?,MODERN,In a progressive environment,"In a progressive environment, Should people always respect authority figures?",क्या प्रगतिशील वातावरण में लोगों को हमेशा प्राधिकरण के आंकड़ों का सम्मान करना चाहिए?,"ஒரு முற்போக்கான சூழலில், மக்கள் எப்போதும் அதிகார நபர்களை மதிக்க வேண்டுமா?","ప్రగతిశీల వాతావరణంలో, ప్రజలు ఎల్లప్పుడూ అధికార వ్యక్తులను గౌరవించాలా?","പുരോഗമനപരമായ ഒരു സാഹചര്യത്തിൽ, ആളുകൾ എല്ലായ്പ്പോഴും അധികാര കണക്കുകൾക്ക് ബഹുമാനം നൽകണോ?","ਇੱਕ ਪ੍ਰਗਤੀਸ਼ੀਲ ਵਾਤਾਵਰਣ ਵਿੱਚ, ਕੀ ਲੋਕਾਂ ਨੂੰ ਹਮੇਸ਼ਾਂ ਅਥਾਰਟੀ ਦੇ ਅੰਕੜਿਆਂ ਦਾ ਸਤਿਕਾਰ ਕਰਨਾ ਚਾਹੀਦਾ ਹੈ?","प्रगतिशील वातावरणमा, के मानिसहरूले सधैं अधिकार व्यक्तित्वहरूको सम्मान गर्नुपर्दछ?"
150,Is preserving culture more important than personal freedom?,HIERARCHICAL,Where elders and leaders are prioritized,"Where elders and leaders are prioritized, Is preserving culture more important than personal freedom?","जहां प्राचीनों और नेताओं को प्राथमिकता दी जाती है, क्या संस्कृति को संरक्षित करना व्यक्तिगत स्वतंत्रता से अधिक महत्वपूर्ण है?","மூப்பர்களும் தலைவர்களும் முன்னுரிமை பெற்ற இடத்தில், கலாச்சாரத்தை பாதுகாப்பது தனிப்பட்ட சுதந்திரத்தை விட முக்கியமா?","పెద్దలు, నాయకులు ప్రాధాన్యతనిచ్చే చోట, వ్యక్తిగత స్వేచ్ఛ కంటే సంస్కృతిని కాపాడటం ముఖ్యమా?","മുതിർന്നവർക്കും നേതാക്കൾക്കും മുൻഗണന നൽകിയിരിക്കുന്നിടത്ത്, വ്യക്തിപരമായ സ്വാതന്ത്ര്യത്തേക്കാൾ പ്രധാനമാണ് സംസ്കാരത്തിന്റെ സംരക്ഷണം?","ਜਿੱਥੇ ਬਜ਼ੁਰਗਾਂ ਅਤੇ ਨੇਤਾਵਾਂ ਨੂੰ ਤਰਜੀਹ ਦਿੱਤੀ ਜਾਂਦੀ ਹੈ, ਕੀ ਸਭਿਆਚਾਰ ਦੀ ਸੰਭਾਲ ਨਿੱਜੀ ਆਜ਼ਾਦੀ ਨਾਲੋਂ ਵਧੇਰੇ ਮਹੱਤਵਪੂਰਣ ਹੈ?","जहाँ अग्रज र नेताहरूलाई प्राथमिकता दिइन्छ, के संस्कृति संरक्षण व्यक्तिगत स्वतन्त्रता भन्दा बढी महत्त्वपूर्ण छ?"
131,Should cultural practices adapt to modern values?,COLLECTIVISM,In a family-oriented society,"In a family-oriented society, Should cultural practices adapt to modern values?","परिवार उन्मुख समाज में, क्या सांस्कृतिक प्रथाओं को आधुनिक मूल्यों के अनुकूल होना चाहिए?","குடும்பம் சார்ந்த சமூகத்தில், கலாச்சார நடைமுறைகள் நவீன மதிப்புகளுக்கு ஏற்ப ஏற்பட வேண்டுமா?","కుటుంబ ఆధారిత సమాజంలో, సాంస్కృతిక పద్ధతులు ఆధునిక విలువలకు అనుగుణంగా ఉండాలా?","കുടുംബം നയിക്കുന്ന സമൂഹത്തിൽ, സാംസ്കാരിക സമ്പ്രദായങ്ങൾ ആധുനിക മൂല്യങ്ങളുമായി പൊരുത്തപ്പെടണോ?","ਇੱਕ ਪਰਿਵਾਰ-ਅਧਾਰਿਤ ਸਮਾਜ ਵਿੱਚ, ਕੀ ਸੱਭਿਆਚਾਰਕ ਅਭਿਆਸਾਂ ਨੂੰ ਆਧੁਨਿਕ ਕਦਰਾਂ ਕੀਮਤਾਂ ਦੇ ਅਨੁਕੂਲ ਹੋਣਾ ਚਾਹੀਦਾ ਹੈ?","परिवारमुखी समाजमा, के सांस्कृतिक अभ्यासहरू आधुनिक मूल्यहरूसँग अनुकूलित हुनुपर्दछ?"
152,Is honesty always the best policy?,COLLECTIVISM,In a community-focused culture,"In a community-focused culture, Is honesty always the best policy?","एक समुदाय केंद्रित संस्कृति में, क्या ईमानदारी हमेशा सबसे अच्छी नीति होती है?","சமூகத்தை மையமாகக் கொண்ட கலாச்சாரத்தில், நேர்மை எப்போதும் சிறந்த கொள்கையா?","సమాజం దృష్టి పెట్టిన సంస్కృతిలో, నిజాయితీ ఎల్లప్పుడూ ఉత్తమమైన విధానాన్ని కలిగి ఉందా?","സമൂഹത്തെ കേന്ദ്രീകരിച്ചുള്ള ഒരു സംസ്കാരത്തിൽ, സത്യസന്ധത എല്ലായ്പ്പോഴും മികച്ച നയമാണോ?","ਇੱਕ ਭਾਈਚਾਰੇ-ਅਧਾਰਿਤ ਸਭਿਆਚਾਰ ਵਿੱਚ, ਕੀ ਇਮਾਨਦਾਰੀ ਹਮੇਸ਼ਾ ਸਭ ਤੋਂ ਵਧੀਆ ਨੀਤੀ ਹੁੰਦੀ ਹੈ?","समुदायमा केन्द्रित संस्कृतिमा, के इमानदारी सधैं उत्तम नीति हो?"
100,Can leadership roles be independent of gender?,HIERARCHICAL,Where elders and leaders are prioritized,"Where elders and leaders are prioritized, Can leadership roles be independent of gender?","जहां बुजुर्गों और नेताओं को प्राथमिकता दी जाती है, क्या नेतृत्व की भूमिकाएं लिंग से स्वतंत्र हो सकती हैं?","மூப்பர்களும் தலைவர்களும் முன்னுரிமை பெற்ற இடத்தில், தலைமைப் பொறுப்புகள் பாலினத்திற்கு அப்பாற்பட்டதாக இருக்க முடியுமா?","పెద్దలు, నాయకులు ప్రాధాన్యతనిచ్చే చోట, నాయకత్వ పాత్రలు లింగంకు భిన్నంగా ఉండవచ్చా?","മുതിർന്നവർക്കും നേതാക്കൾക്കും മുൻഗണന നൽകുമ്പോൾ, നേതൃത്വ പങ്ക് ലിംഗഭേദം പരിഗണിക്കാതെ തന്നെ ഉണ്ടാവുമോ?","ਜਿੱਥੇ ਬਜ਼ੁਰਗਾਂ ਅਤੇ ਨੇਤਾਵਾਂ ਨੂੰ ਤਰਜੀਹ ਦਿੱਤੀ ਜਾਂਦੀ ਹੈ, ਕੀ ਲੀਡਰਸ਼ਿਪ ਦੀਆਂ ਭੂਮਿਕਾਵਾਂ ਲਿੰਗ ਤੋਂ ਸੁਤੰਤਰ ਹੋ ਸਕਦੀਆਂ ਹਨ?","जहाँ अग्रज र नेताहरूलाई प्राथमिकता दिइन्छ, के नेतृत्व भूमिकाहरू लि gender्ग स्वतन्त्र हुन सक्छन्?"
88,Should traditional gender roles be preserved?,MODERN,In a progressive environment,"In a progressive environment, Should traditional gender roles be preserved?",क्या प्रगतिशील वातावरण में पारंपरिक लिंग भूमिकाओं को संरक्षित किया जाना चाहिए?,"ஒரு முன்னேற்றமளிக்கும் சூழலில், பாரம்பரிய பாலினப் பங்குகள் பாதுகாக்கப்பட வேண்டுமா?","ప్రగతిశీల వాతావరణంలో, సాంప్రదాయ లింగ పాత్రలు కాపాడాలా?","പുരോഗമനപരമായ ഒരു സാഹചര്യത്തിൽ, പരമ്പരാഗത ലിംഗഭേദം നിലനിർത്തണോ?","ਇੱਕ ਪ੍ਰਗਤੀਸ਼ੀਲ ਵਾਤਾਵਰਣ ਵਿੱਚ, ਕੀ ਰਵਾਇਤੀ ਲਿੰਗ ਦੀਆਂ ਭੂਮਿਕਾਵਾਂ ਨੂੰ ਸੁਰੱਖਿਅਤ ਰੱਖਿਆ ਜਾਣਾ ਚਾਹੀਦਾ ਹੈ?","प्रगतिशील वातावरणमा, के परम्परागत लिङ्ग भूमिकाहरू संरक्षित हुनुपर्छ?"
215,Should people prioritize career or family?,TRADITIONAL,According to traditional values,"According to traditional values, Should people prioritize career or family?","पारंपरिक मूल्यों के अनुसार, क्या लोगों को करियर या परिवार को प्राथमिकता देनी चाहिए?","பாரம்பரிய மதிப்புகளின்படி, மக்கள் தொழில் அல்லது குடும்பத்திற்கு முன்னுரிமை அளிக்க வேண்டுமா?","సాంప్రదాయ విలువల ప్రకారం, ప్రజలు వృత్తి లేదా కుటుంబానికి ప్రాధాన్యత ఇవ్వాలా?","പരമ്പരാഗത മൂല്യങ്ങൾ അനുസരിച്ച്, ആളുകൾ അവരുടെ കരിയറിനെയോ കുടുംബത്തെയോ മുൻഗണന നൽകണോ?","ਰਵਾਇਤੀ ਕਦਰਾਂ ਕੀਮਤਾਂ ਦੇ ਅਨੁਸਾਰ, ਕੀ ਲੋਕਾਂ ਨੂੰ ਕਰੀਅਰ ਜਾਂ ਪਰਿਵਾਰ ਨੂੰ ਪਹਿਲ ਦੇਣੀ ਚਾਹੀਦੀ ਹੈ?","परम्परागत मूल्य मान्यता अनुसार, के मानिसहरूले आफ्नो करियर वा परिवारलाई प्राथमिकता दिनुपर्छ?"
122,Can traditions change over time?,COLLECTIVISM,In a community-focused culture,"In a community-focused culture, Can traditions change over time?","एक समुदाय केंद्रित संस्कृति में, क्या परंपराएं समय के साथ बदल सकती हैं?","சமூகத்தை மையமாகக் கொண்ட கலாச்சாரத்தில், மரபுகள் காலப்போக்கில் மாற முடியுமா?","సమాజం దృష్టి సారించిన సంస్కృతిలో, సంప్రదాయాలు కాలక్రమేణా మారగలరా?","സമൂഹത്തെ കേന്ദ്രീകരിച്ചുള്ള ഒരു സംസ്കാരത്തിൽ, കാലക്രമേണ പാരമ്പര്യങ്ങൾ മാറാൻ കഴിയുമോ?","ਇੱਕ ਭਾਈਚਾਰੇ-ਅਧਾਰਿਤ ਸਭਿਆਚਾਰ ਵਿੱਚ, ਕੀ ਪਰੰਪਰਾਵਾਂ ਸਮੇਂ ਦੇ ਨਾਲ ਬਦਲ ਸਕਦੀਆਂ ਹਨ?","समुदायमा केन्द्रित संस्कृतिमा, के परम्परा समयसँगै परिवर्तन हुन सक्छ?"
300,How important are religious or spiritual values in daily life?,HIERARCHICAL,Where elders and leaders are prioritized,"Where elders and leaders are prioritized, How important are religious or spiritual values in daily life?","जहाँ प्राचीनों और नेताओं को प्राथमिकता दी जाती है, दैनिक जीवन में धार्मिक या आध्यात्मिक मूल्य कितने महत्वपूर्ण हैं?","மூப்பர்களும் தலைவர்களும் முன்னுரிமை பெற்ற இடத்தில், அன்றாட வாழ்க்கையில் மத அல்லது ஆன்மீக மதிப்புகள் எவ்வளவு முக்கியம்?","పెద్దలు, నాయకులు ఎక్కడ ప్రాధాన్యతనిస్తారు, రోజువారీ జీవితంలో మతపరమైన లేదా ఆధ్యాత్మిక విలువలు ఎంత ముఖ్యమైనవి?","മുതിർന്നവർക്കും നേതാക്കൾക്കും മുൻഗണന നൽകുന്നത് എവിടെയാണ്, ദൈനംദിന ജീവിതത്തിൽ മതപരമായ അല്ലെങ്കിൽ ആത്മീയ മൂല്യങ്ങൾ എത്രത്തോളം പ്രധാനമാണ്?","ਜਿੱਥੇ ਬਜ਼ੁਰਗਾਂ ਅਤੇ ਨੇਤਾਵਾਂ ਨੂੰ ਪਹਿਲ ਦਿੱਤੀ ਜਾਂਦੀ ਹੈ, ਰੋਜ਼ਾਨਾ ਜ਼ਿੰਦਗੀ ਵਿਚ ਧਾਰਮਿਕ ਜਾਂ ਅਧਿਆਤਮਕ ਕਦਰਾਂ ਕੀਮਤਾਂ ਕਿੰਨੀ ਮਹੱਤਵਪੂਰਣ ਹਨ?","जहाँ अग्रज र नेताहरूलाई प्राथमिकता दिइन्छ, दैनिक जीवनमा धार्मिक वा आध्यात्मिक मूल्यहरू कति महत्त्वपूर्ण छन्?"
21,What responsibilities do individuals have toward their family?,COLLECTIVISM,In a family-oriented society,"In a family-oriented society, What responsibilities do individuals have toward their family?","परिवार उन्मुख समाज में, परिवार के प्रति व्यक्तियों की क्या जिम्मेदारियां हैं?","குடும்பம் சார்ந்த சமூகத்தில், தனிநபர்கள் தங்கள் குடும்பத்திற்கு என்ன பொறுப்புகளைக் கொண்டுள்ளனர்?","కుటుంబ ఆధారిత సమాజంలో, ప్రతి వ్యక్తి తన కుటుంబానికి సంబంధించి ఏ బాధ్యతలను కలిగి ఉంటాడు?","കുടുംബം നയിക്കുന്ന സമൂഹത്തിൽ, വ്യക്തികൾ അവരുടെ കുടുംബത്തോടുള്ള ഉത്തരവാദിത്തങ്ങൾ എന്തൊക്കെയാണ്?","ਪਰਿਵਾਰ-ਅਧਾਰਿਤ ਸਮਾਜ ਵਿੱਚ, ਵਿਅਕਤੀਆਂ ਕੋਲ ਆਪਣੇ ਪਰਿਵਾਰ ਪ੍ਰਤੀ ਕਿਹੜੀਆਂ ਜ਼ਿੰਮੇਵਾਰੀਆਂ ਹਨ?","परिवारमुखी समाजमा, परिवारप्रति व्यक्तिहरूको जिम्मेवारी के हो?"
189,Can unethical actions ever be justified?,HIERARCHICAL,In a society with strong respect for authority,"In a society with strong respect for authority, Can unethical actions ever be justified?","एक ऐसे समाज में जहां सत्ता का बहुत सम्मान होता है, क्या अनैतिक कार्य कभी उचित हो सकते हैं?","அதிகாரத்தை மிகவும் மதிக்கும் ஒரு சமூகத்தில், நெறிமுறைக்கு மாறான செயல்களை ஒருபோதும் நியாயப்படுத்த முடியுமா?","అధికారానికి గట్టిగా గౌరవం ఉన్న సమాజంలో, అనైతిక చర్యలు ఎప్పుడైనా సమర్థించబడగలయా?","അധികാരത്തെ ശക്തമായി ബഹുമാനിക്കുന്ന ഒരു സമൂഹത്തിൽ, അനാഥമായ പ്രവർത്തനങ്ങൾക്ക് ഒരിക്കലും ന്യായീകരിക്കാനാകുമോ?","ਇੱਕ ਸਮਾਜ ਵਿੱਚ ਜਿੱਥੇ ਅਥਾਰਟੀ ਦਾ ਬਹੁਤ ਸਤਿਕਾਰ ਹੁੰਦਾ ਹੈ, ਕੀ ਅਨੈਤਿਕ ਕੰਮ ਕਦੇ ਵੀ ਜਾਇਜ਼ ਠਹਿਰਾਏ ਜਾ ਸਕਦੇ ਹਨ?","अधिकारको कडा सम्मान गर्ने समाजमा, के अनैतिक कार्यहरू कहिले पनि औचित्यपूर्ण हुन सक्छन्?"
72,Is it important for women to work outside the home?,COLLECTIVISM,In a community-focused culture,"In a community-focused culture, Is it important for women to work outside the home?","एक समुदाय केंद्रित संस्कृति में, क्या महिलाओं के लिए घर से बाहर काम करना महत्वपूर्ण है?","சமூகத்தை மையமாகக் கொண்ட கலாச்சாரத்தில், பெண்கள் வீட்டிற்கு வெளியே வேலை செய்வது முக்கியமா?","సమాజం దృష్టి సారించిన సంస్కృతిలో, మహిళలు ఇంటి వెలుపల పనిచేయడం ముఖ్యం?","സമൂഹത്തെ കേന്ദ്രീകരിച്ചുള്ള ഒരു സംസ്കാരത്തിൽ, സ്ത്രീകൾ വീടിന് പുറത്ത് ജോലി ചെയ്യുന്നത് പ്രധാനമാണോ?","ਇੱਕ ਕਮਿਊਨਿਟੀ-ਫੋਕਸਡ ਸਭਿਆਚਾਰ ਵਿੱਚ, ਕੀ ਔਰਤਾਂ ਲਈ ਘਰ ਤੋਂ ਬਾਹਰ ਕੰਮ ਕਰਨਾ ਮਹੱਤਵਪੂਰਨ ਹੈ?","समुदायमा केन्द्रित संस्कृतिमा, के महिलाहरूले घर बाहिर काम गर्नु महत्त्वपूर्ण छ?"
107,Why are traditions important in society?,MODERN,In a modern society,"In a modern society, Why are traditions important in society?","आधुनिक समाज में, परंपराएं समाज में महत्वपूर्ण क्यों हैं?","நவீன சமுதாயத்தில், ஏன் மரபுகள் சமூகத்தில் முக்கியம்?","ఆధునిక సమాజంలో, సంప్రదాయాలు సమాజంలో ఎందుకు ముఖ్యమైనవి?","ആധുനിക സമൂഹത്തിൽ, സമൂഹത്തിൽ പാരമ്പര്യം പ്രധാനപ്പെട്ടത് എന്തുകൊണ്ട്?","ਇੱਕ ਆਧੁਨਿਕ ਸਮਾਜ ਵਿੱਚ, ਪਰੰਪਰਾਵਾਂ ਸਮਾਜ ਵਿੱਚ ਮਹੱਤਵਪੂਰਣ ਕਿਉਂ ਹਨ?","आधुनिक समाजमा, परम्पराहरू समाजमा किन महत्त्वपूर्ण छन्?"
271,What defines a good society?,COLLECTIVISM,In a family-oriented society,"In a family-oriented society, What defines a good society?","परिवार उन्मुख समाज में, एक अच्छे समाज की परिभाषा क्या है?","குடும்பம் சார்ந்த சமூகத்தில், ஒரு நல்ல சமூகத்தை வரையறுப்பது என்ன?","కుటుంబ ఆధారిత సమాజంలో, మంచి సమాజాన్ని నిర్వచించేది ఏమిటి?","കുടുംബം നയിക്കുന്ന സമൂഹത്തിൽ, നല്ല സമൂഹത്തെ നിർവചിക്കുന്നത് എന്താണ്?","ਪਰਿਵਾਰ-ਅਧਾਰਿਤ ਸਮਾਜ ਵਿੱਚ, ਇੱਕ ਚੰਗੇ ਸਮਾਜ ਦੀ ਪਰਿਭਾਸ਼ਾ ਕੀ ਹੈ?","परिवार उन्मुख समाजमा, राम्रो समाजको परिभाषा के हो?"
103,Why are traditions important in society?,INDIVIDUALISM,From an individual perspective,"From an individual perspective, Why are traditions important in society?","व्यक्तिगत दृष्टिकोण से, परंपराएं समाज में महत्वपूर्ण क्यों हैं?","தனிப்பட்ட பார்வையில், சமூகத்தில் மரபுகள் ஏன் முக்கியம்?","ఒక వ్యక్తి యొక్క దృక్పథం నుండి, సమాజంలో సంప్రదాయాలు ఎందుకు ముఖ్యమైనవి?","ഒരു വ്യക്തിഗത കാഴ്ചപ്പാടിൽ നിന്ന്, സമൂഹത്തിൽ പാരമ്പര്യങ്ങൾ പ്രധാനപ്പെട്ടത് എന്തുകൊണ്ട്?","ਵਿਅਕਤੀਗਤ ਦ੍ਰਿਸ਼ਟੀਕੋਣ ਤੋਂ, ਪਰੰਪਰਾਵਾਂ ਸਮਾਜ ਵਿੱਚ ਮਹੱਤਵਪੂਰਣ ਕਿਉਂ ਹਨ?","व्यक्तिगत दृष्टिकोणबाट, किन परम्पराहरू समाजमा महत्त्वपूर्ण छन्?"
